platform_id,common_name,official_designation,category_id,subcategory_id,manufacturer,country_of_origin,status_id,entered_service_year,units_built,conflicts_list,description,development_start_year,econ_maintenance_cost_per_hour,econ_program_cost_usd,econ_unit_cost_adjusted_2024,econ_unit_cost_usd,econ_unit_cost_year,first_flight_year,nato_reporting_name,operator_countries,primary_image_url,production_end_year,production_start_year,source_count,spec_ceiling_m,spec_combat_radius_km,spec_crew_max,spec_crew_min,spec_displacement_tons,spec_dive_depth_m,spec_height_m,spec_length_m,spec_power_output,spec_powerplant_count,spec_powerplant_model,spec_powerplant_type,spec_radar_model,spec_radar_type,spec_range_km,spec_speed_cruise_kmh,spec_speed_max_kmh,spec_troop_capacity,spec_weight_empty_kg,spec_weight_max_kg,spec_width_m,total_operators,units_built_approx
ah-1z,AH-1Z Viper,AH-1Z,air,helicopter-attack,Bell Helicopter (Textron),US,active_service,2010,189,afghanistan-2001,Primary attack helicopter for USMC ACE; no major losses reported,1996,4500.0,911400000.0,,31000000.0,,2000,None,"US, XX, XX",https://upload.wikimedia.org/wikipedia/commons/8/84/AH-1Z_attack_helicopter_with_Marine_Light_Attack_Helicopter_Squadron_775_Group_41%2C_execute_pre-flight_checks_and_procedures_%28cropped%29.jpg,2022,2003,2,6100.0,232.0,2,2,,,4.37,17.75,1300 kW (1800 shp) each,2,General Electric T700-GE-401C,Turboshaft,AN/APG-78 Longbow (optional),Fire control radar,690.0,300.0,411.0,0,5579.0,8391.0,15.0,3,False
ah-64e-apache-guardian,AH-64 Apache,AH-64E Apache Guardian,air,helicopter-attack,Boeing,US,in_production,1986,2700,"gulf-war-1991, balkans-1991, afghanistan-2001, gaza-2023, syria-2011","Proven tank-killer; >5M flight hours, >1.3M combat; high survivability vs 23mm hits; notable in Desert Storm (500+ Iraqi vehicles destroyed)",1972,,64.0,,35000000.0,,1975,,"US, IL, GB, NL, SA, IN, EG",https://upload.wikimedia.org/wikipedia/commons/9/99/Boeing_AH-64D_Apache_06.jpg,,1984,4,6400.0,480.0,2,2,,,3.87,17.73,"1,994 shp each",2,General Electric T700-GE-701D,Turboshaft,AN/APG-78 Longbow,Millimeter-wave fire-control,476.0,265.0,293.0,,5165.0,10433.0,14.63,7,False
switchblade-300600-loitering-munition,AeroVironment Switchblade 300/600,Switchblade 300/600 Loitering Munition,air,mbt,AeroVironment,US,active_service,2011,300,"afghanistan-2001, ukraine-2022","Effective vs personnel/light armor (300), heavy armor (600); used in Ukraine vs tanks/Buk SAM; wave-off for collateral avoidance [Wikipedia](https://en.wikipedia.org/wiki/AeroVironment_Switchblade)",2011,,990.0,,58000.0,,2019,,"US, GB, GB, AU, GR, SA, SE, TW",https://upload.wikimedia.org/wikipedia/commons/7/76/Switchblade_300_launch.jpg,,2011,4,,,,,,,,0.61,,1,,Electric,,,10.0,,157.0,,,2.7,,8,False
b-1b,B-1B Lancer,B-1B,air,bomber,Boeing (Rockwell heritage),US,active_service,1986,100,"iraq-2003, afghanistan-2001, syria-2011","Extensive service dropping ~40% of ordnance in early OEF; multiple accidents with ~11 losses, no combat losses; no air-to-air kills.",1981,63000.0,28500000000.0,,317000000.0,,1984,Lancer,US,https://upload.wikimedia.org/wikipedia/commons/8/80/B-1B_Lancer_Awaits_Inspection.JPG,1988,1984,4,18000.0,5540.0,4,4,,,10.4,44.5,"136.9 kN (30,780 lbf) with AB each",4,General Electric F101-GE-102,Turbofan with afterburner,AN/APQ-164,"PESA, synthetic aperture, terrain-following",9400.0,,1130.0,,87090.0,216364.0,41.8,1,False
northrop-b-2-spirit,B-2 Spirit,Northrop B-2 Spirit,air,bomber,Northrop Grumman,US,active_service,1997,21,"balkans-1991, afghanistan-2001, iraq-2003, libya-2011, syria-2011",Debut in Kosovo destroying 33% of targets in first 8 weeks; record 44.3 hour mission in Iraq; long-range precision strikes from US mainland.,1979,135000.0,44750000000.0,2230241717.79,1157000000.0,1998,1989,,US,https://upload.wikimedia.org/wikipedia/commons/7/77/B-2_Spirit_2.jpg,2000,1988,3,15200.0,6000.0,2,2,,,5.2,21.0,77 kN each,4,General Electric F118-GE-100,Turbofan,AN/APQ-181,Multi-mode LPI radar,11000.0,900.0,1010.0,,71700.0,170600.0,52.4,1,False
b-21-raider,B-21 Raider,B-21 Raider,air,bomber,Northrop Grumman,US,active_service,2027,3,,,2011,,203000000000.0,,692000000.0,,2023,B-21,US,https://upload.wikimedia.org/wikipedia/commons/4/4a/B-21-in-flight.jpg,,2024,4,15000.0,,2,2,,,,16.0,120 kN each,2,Pratt & Whitney PW9000,Turbofan,Classified,Low-observable / AESA (est.),,,850.0,0,31751.0,81647.0,44.0,1,True
boeing-b-52h-stratofortress,B-52H Stratofortress,Boeing B-52H Stratofortress,air,bomber,Boeing,US,active_service,1961,102,"vietnam-1955, gulf-war-1991, afghanistan-2001",2 MiG kills (Vietnam); extensive conventional/nuclear roles; no FMS customers,1946,70000.0,,,84000000.0,,1960,,US,https://upload.wikimedia.org/wikipedia/commons/1/16/B-52_Stratofortress_assigned_to_the_307th_Bomb_Wing_%28cropped%29.jpg,1962,1961,2,15000.0,,5,5,,,12.4,48.5,76 kN each,8,Pratt & Whitney TF33-P-3/103,Turbofan,AN/APQ-166 (upgrading to AN/APQ-188),Mechanically scanned (to AESA),14080.0,819.0,1050.0,0,83250.0,221323.0,56.4,1,False
f-47,Boeing F-47,F-47,air,fighter,Boeing,US,active_service,2029,0,,,2014,,20.0,,22.0,,2028,F-47,US,https://commons.wikimedia.org/wiki/File:F-47_Rendering.jpg,,2025,4,,1000.0,1,1,,,,,Classified,2,Classified,Turbofan (NGAP adaptive),Classified,Next-generation sensor fusion,,,2.0,0,,,,1,False
c-130j-super-hercules,C-130J Super Hercules,C-130J Super Hercules,air,transport,Lockheed Martin,US,active_service,1999,562,"afghanistan-2001, libya-2011",Primarily airlift; some losses in accidents; no air-to-air kills. Variants used for Harvest HAWK CAS.,1994,9000.0,14200000000.0,,75500000.0,,1996,,"US, US, US, US, US, IN, IT, IL",https://upload.wikimedia.org/wikipedia/commons/a/a1/C-130J_135th_AS_Maryland_ANG_in_flight.jpg,,1998,4,8500.0,,,3,,,11.8,29.8,"4,637 shp each",4,Rolls-Royce AE 2100D3,Turboprop,,Weather radar (unspecified),3300.0,644.0,670.0,64,34274.0,70307.0,40.4,8,True
c-17a-globemaster-iii,C-17 Globemaster III,C-17A Globemaster III,air,transport,Boeing,US,active_service,1995,279,"afghanistan-2001, iraq-2003","Tactical airlift, airdrop, medevac; one SAM hit (repaired); no combat losses",1980,24000.0,,389954969.33,202300000.0,1998,1991,,"US, GB, US, US, IN, SA, SA, SA, XX",https://upload.wikimedia.org/wikipedia/commons/a/a4/C-17_Globemaster_III_3.jpg,2015,1993,4,13716.0,,3,3,,,16.79,53.0,"40,440 lbf each",4,Pratt & Whitney F117-PW-100,Turbofan,AN/APS-133(V),Weather/mapping,4480.0,830.0,833.0,102,128140.0,265352.0,51.75,9,False
c-5m-super-galaxy,C-5M Super Galaxy,C-5M Super Galaxy,air,transport,Lockheed Martin,US,active_service,1970,52,"vietnam-1955, gulf-war-1991, afghanistan-2001",Strategic airlift in all major US conflicts since 1970; humanitarian aid; no combat losses to enemy action reported; no exports,1961,100000.0,10000000000.0,,90000000.0,,1968,,"US, XX",https://upload.wikimedia.org/wikipedia/commons/2/2e/Lockheed_C-5M_Super_Galaxy_%E2%80%9850002%E2%80%99_%2829064837217%29.jpg,1989,1969,4,12000.0,,8,4,,,19.84,75.3,230 kN each,4,GE F138-GE-100 (CF6-80C2),Turbofan,,Advanced weather radar,8900.0,830.0,833.0,81,172365.0,381024.0,67.89,2,False
boeing-ch-47-chinook,CH-47 Chinook,Boeing CH-47 Chinook,air,transport,Boeing,US,in_production,1962,1200,"vietnam-1955, falklands-1982, gulf-war-1991, afghanistan-2001","Heavy-lift transport, resupply, MEDEVAC; Vietnam: 200+ lost; Afghanistan/Iraq: air assault, escorted by Apaches; high crash fatalities due to troop capacity",1957,6000.0,,,38.0,,1961,,"US, GB, US, US, IN, JP, NL, DE",https://upload.wikimedia.org/wikipedia/commons/0/03/CH-47_Chinook_helicopter_flyby.jpg,,1962,4,6096.0,306.0,3,3,,,5.7,30.1,"3,562 kW (4,777 shp) each",2,Honeywell T55-GA-714A,Turboshaft,,CAAS digital cockpit; terrain-following radar on MH variants,740.0,291.0,310.0,33,11148.0,24494.0,18.3,8,False
ch-53k-king-stallion,CH-53K King Stallion,CH-53K King Stallion,air,transport,Sikorsky (Lockheed Martin),US,active_service,2022,22,,"New platform, no combat deployments as of 2026",2006,53.0,29.6,,108.7,2025,2015,None,"US, IL",https://upload.wikimedia.org/wikipedia/commons/c/c3/CH-53K_King_Stallion_%2839975233880%29.jpg,2031,2017,6,4900.0,203.0,4,2,,,8.66,30.2,"7,500 shp (5,600 kW) each",3,General Electric T408 (GE38-1B),Turboshaft,,"N/A (glass cockpit, CAAS)",850.0,315.0,315.0,30,19903.0,39916.0,5.33,2,True
e-3-sentry-awacs,E-3 Sentry,E-3 Sentry (AWACS),air,awacs,Boeing,US,active_service,1977,68,"gulf-war-1991, afghanistan-2001",Key C2 role; assisted in numerous air-to-air kills; no losses in combat,1967,40000.0,,,270000000.0,,1972,AWACS,"US, XX, AU, SA, XX",https://upload.wikimedia.org/wikipedia/commons/c/c5/E-3_Sentry_Airborne_Warning_and_Control_System_%28AWACS%29_conducts_a_mission.jpg,1992,1977,3,8788.0,,23,4,,,13.0,46.6,91.2 kN each,4,Pratt & Whitney TF33-PW-100A,Turbofan,AN/APY-1/2,Pulse-Doppler radar,9250.0,580.0,854.0,,92986.0,147418.0,44.4,5,False
boeing-e-7a-wedgetail,E-7A Wedgetail,Boeing E-7A Wedgetail,air,awacs,Boeing,US,active_service,2012,6,ukraine-2022,No losses; high mission success; USAF no combat yet,1996,,2.56,,724000000.0,,2007,,"US, AU, KR, XX, GB",https://upload.wikimedia.org/wikipedia/commons/f/f7/A30-001_in_flight_over_the_United_States_in_April_2025_%28cropped%29.jpg,,2009,4,12500.0,,21,2,,,12.5,33.6,"121 kN (27,300 lbf) each",2,CFM International CFM56-7,Turbofan,Northrop Grumman MESA,Multi-role Electronically Scanned Array (fixed),6500.0,853.0,955.0,,46606.0,77600.0,35.8,5,False
eurofighter-ef-2000-typhoon,Eurofighter Typhoon,Eurofighter EF-2000 Typhoon,air,fighter,"Eurofighter Jagdflugzeug GmbH (Airbus, BAE Systems, Leonardo)",GB,in_production,2003,608,"libya-2011, syria-2011, gaza-2023",Combat debut Libya 2011 (recon/strikes); first kill 2021 (drone); ground attack roles in Syria/Iraq/Yemen [Wikipedia](https://en.wikipedia.org/wiki/Eurofighter_Typhoon),1983,70000.0,37000000000.0,,100000000.0,,1994,Typhoon,"GB, DE, IT, ES, SA, SA, SA, SA, US",https://upload.wikimedia.org/wikipedia/commons/d/dd/Eurofighter_EF-2000_Typhoon.jpg,,1998,2,16764.0,1389.0,2,1,,,5.28,15.96,60 kN dry / 90 kN afterburner each,2,Eurojet EJ200,Afterburning turbofan,Euroradar Captor / Captor-E (AESA),Pulse Doppler / AESA,2900.0,1852.0,2495.0,,11000.0,23500.0,10.95,9,True
f-117a-nighthawk,F-117 Nighthawk,F-117A Nighthawk,air,mbt,Lockheed Martin,US,retired,1983,59,gulf-war-1991,"1,271 sorties in Desert Storm (80% success, no losses); 1 lost in 1999 over Serbia",1978,,,,122000000.0,,1981,None,US,https://upload.wikimedia.org/wikipedia/commons/c/c3/Lockheed_F-117_Nighthawk.jpg,1990,1982,4,14000.0,,1,1,,,3.8,20.1,40.2 kN each,2,General Electric F404-F1D2,Turbofan,,,1720.0,,1100.0,0,13381.0,23814.0,13.2,1,True
grumman-f-14-tomcat,F-14 Tomcat,Grumman F-14 Tomcat,air,fighter,Northrop Grumman,US,active_service,1974,712,"gulf-war-1991, iraq-2003","US: 5 air-to-air kills (Gulf of Sidra), recon/strike roles; Iran: ~160 claimed kills vs Iraq",1968,35000.0,,235031496.06,38000000.0,1974,1970,Tomcat,US,https://upload.wikimedia.org/wikipedia/commons/8/8e/US_Navy_F-14B_Tomcat_%282268469404%29.jpg,1991,1969,3,16000.0,932.0,2,2,,,4.88,19.1,"119.9 kN (26,950 lbf) AB each",2,General Electric F110-GE-400,Afterburning turbofan,AN/APG-71 (F-14D),Pulse-Doppler multimode,3000.0,900.0,2485.0,0,19838.0,33725.0,19.5,1,False
f-15c-eagle,F-15C Eagle,F-15C Eagle,air,fighter,Boeing,US,active_service,1979,483,"gulf-war-1991, afghanistan-2001","104+ air-to-air kills, 0 losses to enemy aircraft (F-15 family); USAF F-15C: 36 kills in Gulf War",1969,24570.0,,,29900000.0,,1978,F-15C,"US, IL, SA, JP",https://upload.wikimedia.org/wikipedia/commons/a/a6/F-15C_Eagle_from_the_44th_Fighter_Squadron_flies_during_a_routine_training_exercise_April_15%2C_2019.jpg,1985,1979,3,20000.0,1085.0,1,1,,,5.64,19.43,105.7 kN afterburner each,2,Pratt & Whitney F100-PW-220,Turbofan,AN/APG-63 or APG-70,Pulse-Doppler,3971.0,919.0,2.5,0,13154.0,30844.0,13.05,4,False
mcdonnell-douglas-f-15e-strike-eagle,F-15E Strike Eagle,McDonnell Douglas F-15E Strike Eagle,air,fighter,Boeing,US,active_service,1989,236,"gulf-war-1991, balkans-1991, afghanistan-2001, iraq-2003, libya-2011","1 air-to-air kill (Mi-24, Gulf War); numerous ground targets destroyed; losses: ~6-8 combat (incl. 3 friendly fire in 2026 Iran War)",1978,29000.0,,59948588.96,31100000.0,1998,1986,Strike Eagle,"US, IL, KR, SA",https://upload.wikimedia.org/wikipedia/commons/2/2c/F-15E_Strike_Eagle_over_Afghanistan.jpg,2001,1985,3,18288.0,1272.0,2,2,,,5.64,19.44,129.7 kN each with afterburner,2,Pratt & Whitney F100-PW-229,Turbofan,AN/APG-70 / AN/APG-82(V)1,Mechanically scanned / AESA,3900.0,,3014.0,0,17010.0,36450.0,13.05,4,False
boeing-f-15ex-eagle-ii,F-15EX Eagle II,Boeing F-15EX Eagle II,air,fighter,Boeing,US,active_service,2024,15,,No combat experience,2018,,12470000000.0,96930751.56,94000000.0,2023,2021,,"US, IL",https://upload.wikimedia.org/wikipedia/commons/thumb/4/43/F-15EX_Eagle_II.jpg/3840px-F-15EX_Eagle_II.jpg,,2021,6,18000.0,1272.0,2,1,,,5.69,19.43,"131 kN (29,500 lbf) thrust each with afterburner",2,General Electric F110-GE-129,Afterburning turbofan,AN/APG-82(V)1,AESA,3900.0,,2655.0,,16103.0,36741.0,13.06,2,True
general-dynamics-f-16-fighting-falcon,F-16 Fighting Falcon,General Dynamics F-16 Fighting Falcon,air,fighter,General Dynamics / Lockheed Martin,US,in_production,1979,4600,"gulf-war-1991, balkans-1991, afghanistan-2001, libya-2011, syria-2011, ukraine-2022",Extensive SEAD/strike; Israel 44 kills in 1982; Pakistan 8-9 in Afghan War; USAF thousands of sorties in GWOT,1972,7000.0,,36239018.4,18800000.0,1998,1974,Viper,"US, TR, IL, TW, KR, GR, PL, EG, PK, GB",https://upload.wikimedia.org/wikipedia/commons/d/d5/Defense.gov_News_Photo_070720-F-5502S-003.jpg,,1976,4,15240.0,546.0,2,1,,,4.88,15.06,131 kN,1,GE F110-GE-129 or P&W F100-PW-229,Afterburning turbofan,AN/APG-68 (early); AN/APG-83 SABR AESA (Block 70),Multimode / AESA,4217.0,933.0,2178.0,0,8573.0,19187.0,9.96,10,True
f-22a,F-22 Raptor,F-22A,air,fighter,Lockheed Martin / Boeing,US,active_service,2005,195,"syria-2011, afghanistan-2001",Primarily used in strike roles; no confirmed air-to-air kills; air dominance and policing missions,1981,59116.0,67300000000.0,209466666.67,143000000.0,2009,1997,,US,https://upload.wikimedia.org/wikipedia/commons/4/46/Lockheed_Martin_F-22A_Raptor_JSOH.jpg,2012,1997,5,20000.0,850.0,1,1,,,5.08,18.92,"35,000 lbf class each (afterburner)",2,Pratt & Whitney F119-PW-100,Turbofan,AN/APG-77,AESA,3220.0,1870.0,2414.0,0,19700.0,38000.0,13.56,1,False
f-35a,F-35A Lightning II,F-35A,air,fighter,Lockheed Martin,US,in_production,2016,1300,"afghanistan-2001, syria-2011, gaza-2023",First combat 2018 (Israel); Israeli F-35I air-to-air kill vs Yak-130 (2026); no confirmed combat losses; multiple training crashes,1997,35000.0,406500000000.0,82500000.0,82500000.0,2024,2006,Lightning II,"US, US, IL, JP, NL, NO, IT, KR, PL",https://upload.wikimedia.org/wikipedia/commons/1/1d/Lockheed_Martin_F-35_%22Lightning_II%22.jpg,2044,2006,6,15000.0,1239.0,1,1,,,4.4,15.7,"191 kN (43,000 lbf) with afterburner",1,Pratt & Whitney F135-PW-100,Afterburning turbofan,AN/APG-81,AESA,2200.0,,1976.0,,13300.0,31800.0,10.7,9,True
f-35b,F-35B Lightning II,F-35B,air,fighter,Lockheed Martin,US,active_service,2015,300,"afghanistan-2001, syria-2011, gaza-2023",USMC first combat 2018 Afghanistan; UK RAF F-35B first kill drones over Jordan 2026; no losses reported,1995,35000.0,1.7,109.0,109.0,2024,2008,Lightning II,"US, GB, IT, JP",https://upload.wikimedia.org/wikipedia/commons/f/f3/F-35_Lightning_II_at_Nellis_Air_Force_Base_6_Mar_2013.jpg,,2008,5,15000.0,833.0,1,1,,,4.36,15.6,191 kN afterburner,1,Pratt & Whitney F135-PW-600,Afterburning turbofan with lift fan,AN/APG-81,AESA,1667.0,,1960.0,0,14629.0,27216.0,10.7,4,True
f-35c-lightning-ii,F-35C Lightning II,F-35C Lightning II,air,fighter,Lockheed Martin,US,active_service,2019,200,"gaza-2023, syria-2011","First USN kills Apr 2025 (Houthi drones, VFA-97); used for strikes, SEAD, air defense from carriers",1995,35000.0,485000000000.0,,102100000.0,,2010,,"US, US",https://upload.wikimedia.org/wikipedia/commons/9/91/US_Navy_F-35C_Lightning_II.jpg,2044,2009,4,15240.0,1241.0,1,1,,,4.48,15.7,"191 kN / 43,000 lbf (afterburner)",1,Pratt & Whitney F135-PW-100,Afterburning turbofan,AN/APG-81,AESA,2200.0,0.8,1960.0,,15686.0,31800.0,13.1,2,True
mcdonnell-douglas-f-4-phantom-ii,F-4 Phantom II,McDonnell Douglas F-4 Phantom II,air,fighter,Boeing (McDonnell Douglas heritage),US,active_service,1961,5195,"vietnam-1955, iraq-2003, gulf-war-1991",Vietnam: USAF 107.5 MiG kills vs 33 F-4 losses to MiGs (total 761 lost); 5 US aces in F-4. Israeli high kill ratios. Iranian Osirak reactor strike.,1953,867.0,,,2400000.0,,1958,,"US, US, DE, JP, IL, AU, KR, TR, GR",https://upload.wikimedia.org/wikipedia/commons/6/62/F-4_Phantom_in_flight_Apr_1982.jpg,1981,1958,4,18000.0,680.0,2,2,,,5.0,19.2,79.4 kN with afterburner each,2,General Electric J79-GE-17,Afterburning turbojet,"AN/APQ-72, AN/APG-50, AN/AWG-10",Pulse-Doppler radar,2699.0,940.0,2370.0,,13757.0,28030.0,11.7,9,False
northrop-f-5e,F-5E Tiger II,Northrop F-5E,air,fighter,Northrop Grumman,US,limited_service,1973,792,"vietnam-1955, iraq-2003",Primarily aggressor trainer for US; no major US combat; operators achieved air superiority in regional conflicts,1970,1.0,706.0,,2.2,,1972,,"US, US, US, TW, AU, KR, SA",https://upload.wikimedia.org/wikipedia/commons/1/1d/Northrop_F-5E_%28SN_72-01401%29_061006-F-1234S-066.jpg,1987,1972,4,15800.0,220.0,1,1,,,4.08,14.69,"5,000 lbf (22 kN) afterburner each",2,General Electric J85-GE-21,Afterburning turbojet,AN/APQ-153 or AN/APQ-159,Air interception radar,891.0,1050.0,1739.0,0,4347.0,11192.0,8.13,7,True
fa-18c-hornet,F/A-18C Hornet,F/A-18C Hornet,air,fighter,Boeing,US,active_service,1987,1480,"gulf-war-1991, balkans-1991, afghanistan-2001","2 air kills in Gulf War, multiple losses to ground fire; extensive CAS and strike roles",1974,18000.0,,,29000000.0,,1980,Hornet C,"US, XX, SA, XX, ES, XX",https://commons.wikimedia.org/wiki/File:F-A-18C_Hornet_130301-N-XQ474-729.jpg,2000,1987,3,15000.0,740.0,1,1,,,4.7,17.1,79 kN with afterburner each,2,General Electric F404-GE-402,Turbofan,AN/APG-73,Multimode radar,2017.0,890.0,1915.0,0,10433.0,23541.0,12.3,6,True
boeing-fa-18e-super-hornet,F/A-18E Super Hornet,Boeing F/A-18E Super Hornet,air,fighter,Boeing,US,in_production,1999,300,"iraq-2003, afghanistan-2001, syria-2011, gaza-2023","First combat Nov 2002; extensive strike, CAS, SEAD, tanker roles; notable Nov 2017 shootdown of Syrian Su-22 by VFA-87 F/A-18E",1992,24000.0,4880000000.0,,67400000.0,,1995,,"US, SA, US",https://upload.wikimedia.org/wikipedia/commons/d/de/US_Navy_071203-N-8923M-074_An_F-A-18F_Super_Hornet%2C_from_the_Red_Rippers_of_Strike_Fighter_Squadron_%28VFA%29_11%2C_makes_a_sharp_turn_above_the_flight_deck_aboard_the_Nimitz-class_nuclear-powered_aircraft_carrier_USS_Harry_S._Truman.jpg,2027,1997,4,15940.0,1033.0,1,1,,,4.88,18.31,98 kN with afterburner each,2,General Electric F414-GE-400,Turbofan,AN/APG-79,AESA,2346.0,893.0,1908.0,,14552.0,29937.0,13.62,3,True
cvn-78-class,Gerald R. Ford class,CVN-78 class,air,carrier,Huntington Ingalls Industries / Newport News Shipbuilding,US,active_service,2017,4,,"CVN-78 flagship CSG-12, Operation Epic Fury; high sorties vs drones",2005,,,,13900000000.0,,,,US,https://upload.wikimedia.org/wikipedia/commons/b/b5/Bow_view_of_USS_Gerald_R._Ford_%28CVN-78%29_underway_on_8_April_2017.JPG,,2005,4,,,4540,2600,100000.0,,76.0,337.0,300 MW each,2,A1B,Nuclear,DBR AN/SPY-3/4 (CVN-78); EASR AN/SPY-6(V)3 (later),AESA,,,56.0,,,100000000.0,78.0,1,False
chengdu-j-20-20,J-20 Mighty Dragon,Chengdu J-20 (歼-20),air,fighter,Chengdu Aircraft Corporation (CAC) / AVIC,CN,in_production,2017,300,,"No combat use; training, patrols over East/South China Sea, Taiwan Strait; simulated strikes",2008,,30000000000.0,107345404.85,100000000.0,2022,2011,Fagin,,https://upload.wikimedia.org/wikipedia/commons/a/a2/J-20_at_Airshow_China_2016.jpg,,2015,4,20000.0,2000.0,2,1,,,4.69,21.2,142-147 kN (WS-10C); 180 kN class (WS-15) with afterburner,2,Shenyang WS-10C (current); WS-15 (upgrading),Afterburning turbofan,Type 1475/KLJ-5A or similar,AESA,5500.0,,2130.0,,17000.0,37000.0,13.01,0,True
boeing-kc-135-stratotanker,KC-135 Stratotanker,Boeing KC-135 Stratotanker,air,tanker,Boeing,US,active_service,1957,732,"vietnam-1955, gulf-war-1991",Primary role aerial refueling; extended range of fighters/bombers; 52 losses with 385 fatalities,1954,11000.0,,,39600000.0,,1956,,"US, TR, XX",https://upload.wikimedia.org/wikipedia/commons/f/fa/Boeing_KC-135_Stratotanker_line_drawing_-_USAF_medium_res.png,1965,1957,3,15240.0,,4,3,,,12.7,41.53,"96.2 kN (21,634 lbf) each",4,CFM International F108-CF-100 (CFM56),Turbofan,,,2419.0,850.0,933.0,37,44630.0,146285.0,39.88,3,False
kc-46a,KC-46A Pegasus,KC-46A,air,tanker,Boeing,US,active_service,2019,102,,Aerial refueling support; no kills/losses,2011,,41.0,190.77,185.0,2023,2014,,"US, JP, IL",https://upload.wikimedia.org/wikipedia/commons/2/2f/19-46063_Boeing_KC-46A_Pegasus_USAF_RAF_Fairford_18.7.22_%2852516305561%29.jpg,,2015,4,12200.0,,15,3,,,15.9,50.5,"62,000 lbf (280 kN) thrust each",2,Pratt & Whitney PW4062,Turbofan,,,11830.0,851.0,914.0,58,82377.0,188240.0,47.5,3,True
kamov-ka-52,Ka-52 Alligator,Kamov Ka-52,air,helicopter-attack,Kamov / Progress Arsenyev,RU,in_production,2011,200,"syria-2011, ukraine-2022","Heavy losses in Ukraine (~66 per Oryx as of 2025); used for CAS, anti-armor",1994,,,16498851.33,16000000.0,2023,1997,Hokum B,"US, EG",https://upload.wikimedia.org/wikipedia/commons/0/0c/Russian_Air_Force_Kamov_Ka-50.jpg,,2008,5,3600.0,,2,2,,,4.95,16.0,2400 shp each,2,Klimov VK-2500,Turboshaft,Arbalet / Crossbow,Multi-mode radar,460.0,250.0,310.0,0,7700.0,10800.0,14.5,2,True
mh-60r-multi-mission-helicopter,MH-60R Seahawk,MH-60R Multi-Mission Helicopter,air,mbt,Sikorsky (Lockheed Martin),US,active_service,2006,300,gaza-2023,"First helio drone kill (Red Sea ~2024), sank Houthi boats (2023), no confirmed sub kills/losses noted",1993,14500.0,12.2,,37.4,,1999,Seahawk,"US, US, IN, XX",https://upload.wikimedia.org/wikipedia/commons/7/74/SH-60B_Seahawk2.jpg,2017,2001,4,3700.0,,4,3,,,5.18,19.76,1410 kW each,2,GE T700-GE-401C,Turboshaft,APS-153,Multi-mode,830.0,267.0,270.0,,6880.0,9926.0,16.36,4,True
mq-9a-reaper,MQ-9 Reaper,MQ-9A Reaper,air,drone-combat,General Atomics Aeronautical Systems,US,in_production,2007,300,"afghanistan-2001, libya-2011, syria-2011","Hunter-killer ISR/strike role; first kill 2007; thousands of missions; combat losses: ~38 in Afghanistan by 2010, multiple to Houthis (15+ claimed by 2025), Black Sea 2023",2001,3700.0,7400000000.0,30.0,30.0,2024,2001,None,"US, US, US, GB, AU, IT, IN, NL",https://upload.wikimedia.org/wikipedia/commons/e/ea/MQ-9A_Reaper.jpg,,2002,5,15240.0,,2,2,,,3.8,11.0,900 shp (671 kW),1,Honeywell TPE331-10GD,Turboprop,AN/APY-8 Lynx,Synthetic aperture radar (SAR),1850.0,313.0,482.0,,2223.0,4760.0,20.1,8,False
rc-135vw-rivet-joint,RC-135 Rivet Joint,RC-135V/W Rivet Joint,air,mbt,"Boeing (airframe), L3Harris (modifications)",US,active_service,1964,22,"vietnam-1955, afghanistan-2001, ukraine-2022",No combat losses; continuous ops since 1990s in CENTCOM; SIGINT collection role,1962,,,,,,1964,Rivet Joint,"US, GB",https://upload.wikimedia.org/wikipedia/commons/4/49/RC-135_Rivet_Joint_in_flight.jpg,,,3,15240.0,,32,25,,,12.8,41.1,"96 kN (21,600 lbf) each",4,CFM International F108-CF-201,High bypass turbofan,,SIGINT sensor suite (ELINT/COMINT),6500.0,,930.0,,78743.0,133633.0,39.9,2,True
rq-170-sentinel,RQ-170 Sentinel,RQ-170 Sentinel,air,drone-combat,Lockheed Martin,US,active_service,2007,20,"afghanistan-2001, korea-1950",ISR in denied airspace; 1 captured by Iran; supported high-value target raids; unarmed,2005,,,,,,2007,,US,https://upload.wikimedia.org/wikipedia/commons/6/60/RQ-170_art_impression.jpg,,2007,4,15000.0,,3,3,,,1.8,4.5,"~9275 lbf (TF34, est.)",1,GE TF34 or Honeywell TFE731,Turbofan,,Possible AESA (speculated),,,,,,3900.0,20.0,1,False
dassault-rafale,Rafale,Dassault Rafale,air,fighter,Dassault Aviation,FR,in_production,2001,300,"afghanistan-2001, libya-2011, syria-2011","Omnirole operations, high sortie rates in Libya, strikes vs ISIS [Wikipedia](https://en.wikipedia.org/wiki/Dassault_Rafale)",,16500.0,,187281063.73,130000000.0,2010,1986,Rafale,"AU, EG, IN, SA, GR, PL, SA",https://upload.wikimedia.org/wikipedia/commons/6/64/Rafale_-_RIAT_2009_%283751416421%29.jpg,,1992,6,15835.0,1850.0,2,1,,,5.34,15.27,75 kN afterburner each,2,Snecma M88-4e,Turbofan,Thales RBE2-AA,AESA,3700.0,1.4,1912.0,0,10300.0,24500.0,10.9,7,True
san-antonio-class-amphibious-transport-dock-lpd-17,San Antonio class,San Antonio-class amphibious transport dock (LPD 17),air,transport,Huntington Ingalls Industries (Ingalls Shipbuilding); early ships Northrop Grumman/Avondale,US,active_service,2006,13,,"Early ships had reliability issues; used for humanitarian, assault, spacecraft recovery (Artemis 1)",,,,,1600000000.0,,,,US,https://upload.wikimedia.org/wikipedia/commons/4/46/US_Navy_110609-N-VL218-336_The_amphibious_transport_dock_ships_USS_San_Antonio_%28LPD_17%29_and_USS_New_York_%28LPD_21%29_are_underway_together_in_the_Atla.jpg,,2000,4,,,400,,25000.0,,,208.5,"~41,600 shp (combined est.)",4,Medium Speed Turbocharged Marine Diesel Engines (MPDE),Diesel engines,AN/SPY-6 EASR (late); AN/SPS-48E (early),Air search / Multi-function,,,41.0,700,,25000.0,31.9,1,True
sukhoi-su-57,Su-57 Felon,Sukhoi Su-57,air,fighter,Sukhoi Company (UAC),RU,in_production,2020,42,"syria-2011, ukraine-2022",Limited combat: missile strikes from standoff; claims of air-to-air kills unverified; one damaged by drone (2024),1999,,,,50.0,,2010,Felon,US,https://upload.wikimedia.org/wikipedia/commons/0/0e/Sukhoi_Design_Bureau%2C_054%2C_Sukhoi_T-50_%28Su-57_prototype%29_%2849581303977%29.jpg,,2019,3,20000.0,1250.0,1,1,,,4.6,20.1,142 kN with afterburner each,2,Saturn AL-41F1,Afterburning turbofan,N036 Byelka,AESA,3500.0,1400.0,2135.0,0,18500.0,35000.0,14.1,1,True
u-2s,U-2S Dragon Lady,U-2S,air,mbt,Lockheed Martin,US,active_service,1995,35,"balkans-1991, afghanistan-2001, korea-1950","High-altitude ISR; no air-to-air kills; losses in early models to SAMs (e.g., 1960, 1962)",1953,32000.0,,,,,1994,U-2S,US,https://upload.wikimedia.org/wikipedia/commons/8/84/80-0073_United_States_Air_Force_Lockheed_U-2S_Dragon_Lady_%2838409619291%29.jpg,1989,1981,3,24384.0,,2,1,,,4.9,19.2,76 kN,1,General Electric F118-GE-101,Turbofan,ASARS-2A,SAR,11280.0,765.0,660.0,0,7257.0,18144.0,31.4,1,True
sikorsky-uh-60-black-hawk,UH-60 Black Hawk,Sikorsky UH-60 Black Hawk,air,helicopter-utility,Sikorsky (Lockheed Martin),US,in_production,1979,5000,"gulf-war-1991, afghanistan-2001","Troop transport, MEDEVAC, special ops; notable losses in Mogadishu and Gulf War; stealth variant in OBL raid",1972,6000.0,22600000000.0,,20000000.0,,1974,,"US, US, KR, TR",https://upload.wikimedia.org/wikipedia/commons/8/82/UH-60A_Black_Hawk.jpg,,1977,4,5800.0,592.0,4,2,,,5.13,19.76,"1,902 shp each",2,General Electric T700-GE-701C/D,Turboshaft,AN/APQ-174B (some variants),Terrain-following radar,590.0,285.0,295.0,11,5675.0,9979.0,16.36,4,True
mv-22bcv-22b-osprey,V-22 Osprey,MV-22B/CV-22B Osprey,air,transport,Bell Boeing (Bell Helicopter / Boeing),US,active_service,2007,420,"afghanistan-2001, libya-2011","No combat losses to enemy fire; extensive use in assault support, special ops, medevac; multiple crashes (65 fatalities total as of 2025)",1981,24000.0,60.0,,90000000.0,,1989,,"US, US, US, JP",https://upload.wikimedia.org/wikipedia/commons/e/e3/MV-22_mcas_Miramar_2014.JPG,2028,2005,5,7600.0,720.0,4,2,,,6.7,17.5,6150 shp each,2,Rolls-Royce AE 1107C Liberty,Turboshaft,AN/APQ-168,Multifunction radar,1628.0,435.0,509.0,24,14400.0,27400.0,25.8,4,True
xq-58a-valkyrie,XQ-58A Valkyrie,XQ-58A Valkyrie,air,drone-combat,Kratos Defense & Security Solutions,US,active_service,,10,,Extensive flight testing as loyal wingman with F-35/F-15; AI autonomy demos; EW/SEAD tests,2016,,,,4.0,,2019,None,"US, US, US",https://upload.wikimedia.org/wikipedia/commons/6/68/XQ-58A_Valkyrie_demonstrator_first_flight.jpg,,2022,5,14000.0,,0,0,,,2.5,9.1,8.9 kN,1,Williams FJ33,Turbofan,,Modular mission-dependent,5600.0,882.0,1048.0,,1134.0,2722.0,8.2,3,True
aavp-7a1,AAV-7A1,AAVP-7A1,land,apc,BAE Systems,US,active_service,1972,1737,"falklands-1982, gulf-war-1991, iraq-2003, afghanistan-2001",Heavy use in amphibious assaults; losses in Iraq to RPGs/IEDs; 2020 training accident (9 fatalities),1964,,,,,,1967,,"US, XX, JP, KR, TW, SA, GR",https://upload.wikimedia.org/wikipedia/commons/8/85/170606-N-PF515-398_%2834973155842%29.jpg,1974,1971,4,,,4,3,,,3.26,7.94,525 hp,1,Cummins VT-903A / Detroit Diesel 6V92TA (RAM/RS),Diesel,,,482.0,,72.0,25,22838.0,29900.0,3.27,7,True
agm-179a-joint-air-to-ground-missile,AGM-179 JAGM,AGM-179A Joint Air-to-Ground Missile,land,mbt,Lockheed Martin,US,active_service,2019,2800,,First live fire exercises 2024 (USMC Indo-Pacific); no operational combat use,2007,,7580000000.0,259775.88,242000.0,2022,2011,,"US, US, US, GB, NL, PL",https://commons.wikimedia.org/wiki/File:AGM-179_JAGM.jpg,,2018,7,,,,,,,,1.76,,1,Solid-propellant rocket motor,Rocket,,Millimeter wave (MMW),8.0,,1.5,,,51.5,0.34,6,True
antwq-1-avenger-air-defense-system,AN/TWQ-1 Avenger,AN/TWQ-1 Avenger Air Defense System,land,sam,"Boeing (system), AM General (HMMWV)",US,active_service,1990,1100,"gulf-war-1991, afghanistan-2001, ukraine-2022","Used for air defense and ground protection in Iraq; UAV intercepts tested 2017; supplied to Ukraine vs drones/missiles [Wikipedia](https://en.wikipedia.org/wiki/AN/TWQ-1_Avenger), [Military Factory](h",,,,,,,,,"US, GB, EG, TW, EG",https://upload.wikimedia.org/wikipedia/commons/c/c9/Avenger_missile.jpg,,1987,2,,,3,2,,,2.64,4.95,101 kW (135 hp),1,Detroit Diesel 6.2L,Diesel V8,,FLIR / Optical (AN/VLR-1); integrates with AN/MPQ-64 Sentinel,443.0,,89.0,,3900.0,,2.18,5,True
light-anti-armor-weapon-m136-at4,AT4 M136,Light Anti-Armor Weapon M136 (AT4),land,mbt,Saab Bofors Dynamics (licensed by ATK),SE,active_service,1987,600000,"gulf-war-1991, afghanistan-2001, ukraine-2022","Used for anti-armor, bunkers, buildings; effective in urban combat (CS variants)",1976,,,2774.56,1480.0,1999,1981,,"US, US, SE, GB",https://upload.wikimedia.org/wikipedia/commons/9/9d/M136_AT4_Light_Anti-tank_Weapon_%287414625190%29.jpg,,1985,3,,,1,1,,,,1.02,,1,,Recoilless rocket,,,0.3,,1044.0,,,6.7,0.084,4,True
amphibious-combat-vehicle-increment-11,Amphibious Combat Vehicle 1.1,Amphibious Combat Vehicle Increment 1.1,land,apc,BAE Systems / Iveco Defence Vehicles,US,in_production,2020,262,,Training and exercises only; first overseas employment Balikatan 2024 (no combat),2011,,4.55,7.7,5.8,2014,,,US,https://upload.wikimedia.org/wikipedia/commons/3/39/MOUT_Training_during_ITX_-_210406-M-LO635-1081.jpg,,2020,5,,,3,3,,,2.9,9.2,690 hp,1,IVECO Cursor 13,Diesel,,,523.0,,105.0,13,25000.0,35000.0,3.1,1,True
armored-multi-purpose-vehicle,Armored Multi-Purpose Vehicle (AMPV),Armored Multi-Purpose Vehicle,land,mbt,BAE Systems Army.mil Military Factory,US,in_production,2023,551,,"New platform, no combat use",2013,,1.6,2.39,1.8,2015,,,US,https://upload.wikimedia.org/wikipedia/commons/f/f2/AMPV_-_180920-A-EN512-002.jpg,,2020,5,,,4,2,,,3.0,6.55,600-675 hp [Defense Post](https://thedefensepost.com/2024/10/11/us-48-ampv-bae/) [USAspending],1,Cummins V903 [USAspending.gov],Diesel,,,450.0,,65.0,6,,25000.0,3.6,1,False
bgm-71-tow-tube-launched-optically-tracked-wire-guided,BGM-71 TOW,"BGM-71 TOW (Tube-launched, Optically tracked, Wire-guided)",land,mbt,Raytheon (RTX),US,active_service,1970,700000,"vietnam-1955, yom-kippur-1973, iraq-2003, gulf-war-1991, afghanistan-2001, syria-2011, ukraine-2022",">11,000 combat uses since 2003; highly effective against armor, used from ground vehicles and helicopters",1963,,,,100000.0,,1968,TOW,"US, US",https://upload.wikimedia.org/wikipedia/commons/6/68/Hires_090509-A-4842R-001a.jpg,,1968,4,,,,,,,,1.17,,1,Two-stage ATK,Solid rocket,,,4.5,672.0,672.0,,,22.6,0.152,2,False
boevaya-mashina-pekhoty-3-bmp-3,BMP-3,Boevaya Mashina Pekhoty 3 (BMP-3),land,ifv,Kurganmashzavod,RU,in_production,1987,1840,"balkans-1991, syria-2011, ukraine-2022","Used by Russia in Ukraine (hundreds lost to ATGM/drones, shifted to indirect fire); UAE in Yemen; vulnerable to modern ATGMs despite upgrades [Wikipedia](https://en.wikipedia.org/wiki/BMP-3)",,,,,2000000.0,,,IFV M1990/1,"US, SA, EG, SA, XX, XX, US, KR",https://upload.wikimedia.org/wikipedia/commons/0/04/Army2016demo-011.jpg,,1989,3,,,3,3,,,3.15,7.14,500 hp,1,UTD-29M,Diesel,N/A (BRM-3K variant: 1RL-133-1 TALL MIKE),Surveillance (variant),600.0,,70.0,7,,18700.0,2.3,8,True
m107-semi-automatic-long-range-sniper-rifle,Barrett M82 / M107,M107 Semi-Automatic Long Range Sniper Rifle,land,mbt,Barrett Firearms Manufacturing,US,active_service,2002,,"gulf-war-1991, afghanistan-2001","Used for anti-materiel and long-range sniping; effective vs light armor, personnel at 2000m",,,,12000.0,12000.0,2024,,,"US, US, US, US, DE, SE",https://upload.wikimedia.org/wikipedia/commons/5/5a/Barrett-M82A1-Independence-Day-2017-IZE-048-white.jpg,,1982,4,,,1,1,,,,1.45,,,,,,,2.0,,,,12.9,,,6,False
fv4034-challenger-2,Challenger 2,FV4034 Challenger 2,land,mbt,Vickers Defence Systems (now Rheinmetall BAE Systems Land / RBSL),GB,active_service,1998,446,"balkans-1991, iraq-2003, ukraine-2022",Highly survivable in Iraq (no penetrations by enemy fire until friendly fire incident); some losses in Ukraine to drones and mines. No confirmed tank kills data.,1986,,1300000000.0,12185560.86,6500000.0,1999,1990,CR2,"GB, SA, GB",https://upload.wikimedia.org/wikipedia/commons/3/30/Challenger_2_Main_Battle_Tank_patrolling_outside_Basra%2C_Iraq_MOD_45148325.jpg,2002,1994,3,,,4,4,,,2.49,11.55,1200 hp (890 kW),1,Perkins CV12-6A V12,Diesel,,None (thermal sights and laser rangefinders),550.0,40.0,59.0,0,,62500.0,3.52,3,True
e-2d-advanced-hawkeye-ahe,E-2D Advanced Hawkeye,E-2D Advanced Hawkeye (AHE),land,mbt,Northrop Grumman,US,active_service,2014,75,,"AEW&C, no direct kills/losses; supported DCA, NIFC-CA missile engagements",2003,14000.0,27200000000.0,,212900000.0,,2007,Hawkeye,"US, JP, AU",https://upload.wikimedia.org/wikipedia/commons/4/40/E-2D_Advanced_Hawkeye_aircraft_conduct_a_test_flight.jpg,2026,2010,6,10600.0,,5,5,,,5.6,17.6,5100 shp each,2,Allison/Rolls-Royce T56-A-427A,Turboprop,AN/APY-9,AESA UHF,2708.0,474.0,648.0,0,18234.0,26082.0,24.6,3,False
rim-162-essm,Evolved SeaSparrow Missile (ESSM),RIM-162 ESSM,land,sam-missile,Raytheon (RTX),US,active_service,2004,2000,gaza-2023,First combat use by USS Mason vs Houthi anti-ship missiles (role uncertain),1988,,,,787000.0,,1998,ESSM,"US, US, US, DE, GR, NL, NO, ES, TR, JP",https://upload.wikimedia.org/wikipedia/commons/6/6a/RIM-162_launched_from_USS_Carl_Vinson_%28CVN-70%29_July_2010.jpg,,2002,4,,,,,,,,3.66,,1,MK 134 MOD 0,Solid rocket,,Semi-active radar homing (Block 1); Dual-mode active/semi-active (Block 2),50.0,,4.0,,,280.0,0.254,10,True
freedom-class-lcs,Freedom-class Littoral Combat Ship,Freedom-class LCS,land,mbt,Lockheed Martin / Fincantieri Marinette Marine,US,active_service,2008,16,,"Primarily used for training, testing, maritime security; engine reliability issues on early ships",2002,,,,584000000.0,,,,US,https://upload.wikimedia.org/wikipedia/commons/0/0a/USS-Freedom-130222-N-DR144-174-crop.jpg,2025,2005,4,,,75,40,3450.0,,,118.1,2x 36 MW GT + 2x 6.8 MW DE,4,"2x Rolls-Royce MT30 gas turbines, 2x Colt-Pielstick 16PA6B diesels",CODAG (Combined Diesel and Gas),TRS-3D/TRS-4D (later ships),Air/Surface Search Radar (AESA on later),6482.0,,74.0,,,,17.6,1,False
m142-high-mobility-artillery-rocket-system,HIMARS M142,M142 High Mobility Artillery Rocket System,land,mlrs,Lockheed Martin,US,in_production,2005,750,"iraq-2003, afghanistan-2001, syria-2011, ukraine-2022","Extensively used for precision strikes on command posts, ammo depots, troop concentrations; notable in Ukraine for destroying Russian logistics and HQs; some losses to enemy fire",1993,,,4900000.0,4900000.0,2024,1998,,"US, US, US, PL, SA, TW, SA, GB",https://upload.wikimedia.org/wikipedia/commons/1/1c/M142_himars.jpg,,2003,4,,,3,3,,,2.9,7.8,290-300 hp,1,Caterpillar 6.6L,Diesel,,,480.0,,85.0,,13154.0,16283.0,2.4,8,True
littoral-combat-ship-independence-variant-lcs-2,Independence-class littoral combat ship,Littoral Combat Ship Independence variant (LCS-2),land,mbt,Austal USA,US,active_service,2010,19,,"Primarily for littoral operations, mine countermeasures, surface warfare; no combat deployments noted; issues with hull cracks, corrosion",,,37000000000.0,,584000000.0,,,,US,https://upload.wikimedia.org/wikipedia/commons/f/ff/USS_Gabrielle_Giffords_%28LCS-10%29_underway_in_the_Philippine_Sea_on_1_October_2019_%28191001-N-YI115-2128%29.JPG,2025,2006,3,,,75,40,3228.0,,,127.4,,4,"2 GE LM2500 gas turbines, 2 MTU 20V 8000 diesels",CODAG (Combined Diesel and Gas),Sea Giraffe 3D,3D air search,18500.0,,93.0,,,,31.6,1,False
iron-dome-kippat-barzel,Iron Dome,Iron Dome (Kippat Barzel),land,sam,Rafael Advanced Defense Systems / Israel Aerospace Industries,IL,in_production,2011,10,gaza-2023,"5000+ intercepts, 90%+ success rate [Wikipedia](https://en.wikipedia.org/wiki/Iron_Dome) [Rafael](https://www.rafael.co.il/system/iron-dome/)",2007,,2.6,,100.0,,2008,,"IL, US, SA",https://upload.wikimedia.org/wikipedia/commons/0/08/IDF_Iron_Dome_2021.jpg,,2010,4,,,,,,,,3.0,,,,,EL/M-2084,AESA S-band multi-mission radar,70.0,,,,,90.0,0.16,3,True
joint-light-tactical-vehicle-family-of-vehicles-fov,Joint Light Tactical Vehicle (JLTV) / Oshkosh L-ATV,Joint Light Tactical Vehicle Family of Vehicles (FoV),land,mbt,Oshkosh Defense (initial); AM General (A2),US,active_service,2019,20000,,High mobility/protection; designed vs IEDs; no major combat yet,2006,,24700000000.0,,400000.0,,2011,,"US, US, US, US, XX, IL, XX",https://upload.wikimedia.org/wikipedia/commons/5/5d/Oshkosh_JLTV.jpg,2025,2016,4,,,5,2,,,2.6,6.25,298 kW (400 hp),1,Gale Banks 866T (GM Duramax L5P based),Turbodiesel V8,,,485.0,,112.0,3,6400.0,9000.0,2.5,7,True
k2-k-2-heukpyo,K2 Black Panther,K2 흑표 (K-2 Heukpyo),land,mbt,Hyundai Rotem,KR,in_production,2014,410,,No combat experience,1995,,400000000.0,12450815.85,8500000.0,2009,2007,None,"KR, PL",https://commons.wikimedia.org/wiki/File:K2_Black_Panther_(15373704976)_(cropped).jpg,,2014,3,,,3,3,,4.1,2.4,10.8,1500 hp,1,MTU MT883 Ka-501 / DV27K,Diesel,EHF L-band Pulsed Doppler,Fire control / MAWS,450.0,50.0,70.0,0,,55000.0,3.6,2,True
light-armored-vehicle-25,LAV-25,Light Armored Vehicle-25,land,armored-car,General Dynamics Land Systems,US,active_service,1983,758,"gulf-war-1991, iraq-2003, afghanistan-2001",Borrowed by US Army 82nd Airborne for Gulf War; A2 variant airdroppable,1981,,,1642160.28,900000.0,2000,,,"US, US",https://upload.wikimedia.org/wikipedia/commons/0/07/LAV-25A2.jpg,1987,1983,3,,,3,3,,,2.69,6.39,275 hp,1,Detroit Diesel 6V53T,Diesel,,,660.0,,100.0,6,13000.0,16300.0,2.67,2,False
leopard-2a7,Leopard 2A7,Leopard 2A7,land,mbt,Krauss-Maffei Wegmann (KNDS),DE,in_production,2014,300,afghanistan-2001,No confirmed combat use for 2A7; designed for high-intensity and urban ops with enhanced protection,2010,,,16498851.33,16000000.0,2023,,,"DE, SA, NO",https://upload.wikimedia.org/wikipedia/commons/a/a7/Leopard_2_A7V_313_Bad_Frankenhausen_2024.JPG,,2014,3,,,4,4,,,3.0,10.97,"1,500 hp",1,MTU MB 873 Ka-501,Diesel,,"N/A (thermal optics: Attica, EMES 15)",450.0,,70.0,0,55000.0,68000.0,3.75,3,True
expeditionary-sea-base-esb,Lewis B. Puller-class Expeditionary Sea Base,Expeditionary Sea Base (ESB),land,mbt,General Dynamics NASSCO,US,in_production,2017,6,,"Deployments in 5th/6th/7th/INDOPACOM; SOF, AMCM, interdictions (Iranian weapons)",2006,,4400000000.0,,554000000.0,,,,US,https://upload.wikimedia.org/wikipedia/commons/a/a7/USNS_Lewis_B._Puller_departs_Naval_Station_Norfolk._%2835725832041%29.jpg,2026,2011,4,,,,145,90000.0,,,239.0,24 MW,24,MAN 6L48/60 CR medium-speed engines,Diesel-electric,,,17600.0,,28.0,250,,81647000.0,50.0,1,False
maneuver-short-range-air-defense-m-shorad-increment-2-de-m-shora,M-SHORAD Stryker,Maneuver Short-Range Air Defense (M-SHORAD) Increment 2 / DE M-SHORAD / M1265A1 Sergeant Stout,land,sam,General Dynamics Land Systems (prime); Leonardo DRS (mission package); Raytheon (DE laser),US,active_service,2023,4,,Tested Middle East Feb 2024 vs aerial threats; mixed soldier feedback,2019,,123000000.0,,,,,,US,https://upload.wikimedia.org/wikipedia/commons/3/3a/Stryker_DE_M-SHORAD.jpg,,2025,6,,,,2,,,2.6,7.0,336 kW (450 hp),1,Caterpillar C9,Diesel,Multi-Mission Hemispheric Radar (MHR),AESA / Pulse-Doppler,,,100.0,0,,28576.0,2.7,1,False
m10-booker,M10 Booker,M10 Booker,land,mbt,General Dynamics Land Systems,US,active_service,,26,,No combat use; program terminated due to weight issues and strategic shifts,2018,,6.55,,13.2,,,,US,https://upload.wikimedia.org/wikipedia/commons/f/fa/M10_Booker_at_its_unveiling_June_2023_-_7.jpg,2025,2022,5,,,4,4,38.0,,3.65,6.85,800 hp,1,MTU 8V199,Diesel,,,565.0,,70.0,0,,38100.0,2.4,1,False
m109a6-paladin,M109 Paladin,M109A6 Paladin,land,artillery-sp,BAE Systems,US,active_service,1993,950,"vietnam-1955, yom-kippur-1973, iraq-2003, gulf-war-1991, ukraine-2022",Used extensively by US in Gulf War and Iraq; donated to Ukraine with losses reported; reliable indirect fire support platform,1984,,,,,,,,"US, GB, GR, XX, IL, EG, KR, TW",https://upload.wikimedia.org/wikipedia/commons/3/3a/Kings_of_battle_keep_the_fire%3B_1-9_FA_fires_its_last_rounds_140910-A-CW513-046.jpg,1999,1992,3,,,4,4,,,3.62,9.67,450 hp,1,Detroit Diesel 8V71T,Diesel,,Inertial navigation and fire control sensors,344.0,,64.0,0,,28850.0,3.14,8,False
m109a7-self-propelled-howitzer,M109A7 Paladin,M109A7 Self-Propelled Howitzer,land,artillery-sp,BAE Systems,US,in_production,2018,250,,"Newer variant, primarily training/exercises as of 2026 (e.g. Latvia)",2007,,11.6,,15.3,,,M109A7,"US, TW",https://commons.wikimedia.org/wiki/File:M109A7_Paladin_self-propelled_howitzer.jpg,2033,2015,6,,,4,4,,,3.3,9.7,675 hp,1,Cummins V903 (Bradley common),Diesel,,,300.0,,61.0,0,,35380.0,3.9,2,True
m110a1-squad-designated-marksman-rifle,M110A1 SDMR,M110A1 Squad Designated Marksman Rifle,land,mbt,Heckler & Koch,US,active_service,2020,7500,,"New system, limited operational history",2012,,78000000.0,,12000.0,,,,"US, US",https://upload.wikimedia.org/wikipedia/commons/e/e1/211028-Z-IB607-1011_-_44th_IBCT_M110A1_Range_%28Image_10_of_30%29.jpg,2021,2016,2,,,1,1,,,,0.91,,,,,,,0.6,,,,3.8,6.8,,2,True
m113,M113 APC,M113,land,apc,BAE Systems,US,limited_service,1960,80000,"vietnam-1955, yom-kippur-1973, gulf-war-1991, afghanistan-2001, ukraine-2022",Most produced APC ever; heavily used in Vietnam as ACAV; vulnerable to RPGs/mines but versatile; ongoing use in support roles,1956,,,,50000.0,,,,"US, IL, EG, TR",https://upload.wikimedia.org/wikipedia/commons/c/cf/M113.jpg,2007,1960,4,,,2,2,,,2.5,4.86,212 hp,1,Detroit Diesel 6V53,Diesel,,,480.0,,64.0,11,10000.0,12340.0,2.69,4,True
high-mobility-multipurpose-wheeled-vehicle-expanded-capacity-arm,M1151 HMMWV (Humvee),High Mobility Multipurpose Wheeled Vehicle Expanded Capacity Armament Carrier M1151,land,apc,AM General,US,active_service,2004,190000,afghanistan-2001,Up-armored for IED resistance; widely used in counter-insurgency,,,,227351.66,150000.0,2007,,,"US, US, US, GB",https://upload.wikimedia.org/wikipedia/commons/c/cf/M1151_HMMWV.jpg,,2004,5,,,4,2,,,1.99,4.93,190 hp (142 kW),1,GEP 6.5L V8 Turbocharged,Diesel,,,402.0,,113.0,0,3402.0,5488.0,2.31,4,True
105-mm-m119a3-towed-howitzer,M119A3,105 mm M119A3 Towed Howitzer,land,artillery-towed,Rock Island Arsenal / Royal Ordnance,US,active_service,2013,1100,afghanistan-2001,"First combat use Feb 2014 Afghanistan; praised for speed, lightness vs M777A2",1987,,,,,,,,"US, GB, EG, SA",https://upload.wikimedia.org/wikipedia/commons/4/4a/M119a_trimmed.jpg,,2013,5,,,7,5,,,2.21,6.32,,,,,,,19.5,,,,2050.0,,1.78,4,True
120mm-m120-towed-mortar-system,M120,120mm M120 Towed Mortar System,land,mbt,Soltam Systems (Elbit Systems) / General Dynamics Ordnance,US,active_service,1991,1076,"iraq-2003, afghanistan-2001",Used for indirect fire support by infantry and mechanized units,,,,,,,,,"US, US, EG, XX, GB",https://upload.wikimedia.org/wikipedia/commons/f/ff/160808-F-VH066-018.jpg,,1991,4,,,5,5,,,,1.75,,,,,,,7.2,,,,144.0,325.0,,5,True
rifle-caliber-556-mm-m16a4,M16A4,"Rifle, Caliber 5.56 mm, M16A4",land,mbt,Colt / FN Herstal,US,limited_service,1997,8,"iraq-2003, afghanistan-2001",Standard US rifle post-1997; modular with rails for optics [Wikipedia](https://en.wikipedia.org/wiki/M16_rifle),,,383.0,,700.0,,,,"US, US, GR, EG",https://upload.wikimedia.org/wikipedia/commons/4/4a/US_Marine_M16A4_Rifle_ACOG.jpg,,1997,4,,,1,1,,,,1.0,,,,Gas-operated (direct impingement),,,0.6,,948.0,,3.4,3.86,,4,True
m1a1-abrams-main-battle-tank,M1A1 Abrams,M1A1 Abrams Main Battle Tank,land,mbt,General Dynamics Land Systems,US,active_service,1986,4800,"gulf-war-1991, iraq-2003, afghanistan-2001, syria-2011, ukraine-2022",Dominant in Gulf War (no losses to enemy fire); urban ops in Iraq with RPG vulnerabilities addressed by TUSK kits; effective vs Soviet-era tanks at long range.,1972,,,10337107.88,4300000.0,1990,1980,,"US, US, EG, US, PL, XX, EG, SA, SA, GB",https://upload.wikimedia.org/wikipedia/commons/c/c5/U.S._Army_M1A1_Abrams.jpg,1992,1986,4,,,4,4,,,2.89,9.83,1500 shp (1100 kW),1,Honeywell AGT1500,Gas turbine,,,426.0,,67.0,0,,57000.0,3.7,10,True
m1a2-system-enhancement-package-main-battle-tank,M1A2 Abrams,M1A2 System Enhancement Package Main Battle Tank,land,mbt,General Dynamics Land Systems,US,in_production,1992,1500,"gulf-war-1991, afghanistan-2001, ukraine-2022",Superior in open combat; urban upgrades (TUSK); low losses in GW; drone vulns recent,1988,15.0,4.6,,4.3,,1990,,"US, US, SA, PL, XX, TW",https://upload.wikimedia.org/wikipedia/commons/4/48/M1A2_Abrams%2C_August_14%2C_2014.JPG,,1992,4,,,4,4,,,2.44,9.83,1500 shp,1,Honeywell AGT1500,Gas turbine,,Thermal sights (IFLIR/CITV),425.0,,68.0,0,63000.0,66800.0,3.7,6,True
m1a2-system-enhancement-package-version-3-sepv3,M1A2 Abrams,M1A2 System Enhancement Package version 3 (SEPv3),land,mbt,General Dynamics Land Systems,US,active_service,2017,690,"gulf-war-1991, afghanistan-2001",SEPv3 has not seen combat; series proven in prior conflicts,2011,,4600000000.0,,24000000.0,,,Abrams,"US, US, PL, TW",https://upload.wikimedia.org/wikipedia/commons/d/d9/M1A2_SEP_V3_Abrams.jpg,,2017,4,,,4,4,,,2.89,9.83,"1,500 shp",1,Honeywell AGT1500,Gas turbine,,,425.0,,68.0,0,60000.0,66800.0,3.7,4,True
infantry-fighting-vehicle-m2-bradley,M2 Bradley,Infantry Fighting Vehicle M2 Bradley,land,ifv,BAE Systems,US,active_service,1981,6724,"gulf-war-1991, iraq-2003, ukraine-2022",Proven effective vs tanks in Gulf War; high survivability in Ukraine; multiple losses to friendly fire/IEDs,1963,,5700000000.0,5776754.94,3166000.0,2000,1978,,"US, GB, SA, PL, XX",https://upload.wikimedia.org/wikipedia/commons/thumb/c/c3/M2_Bradley.jpg/960px-M2_Bradley.jpg,1995,1981,4,,,3,3,,,2.97,6.55,500-600 hp (373-447 kW),1,Cummins VTA-903T turbosupercharged,Diesel,,"N/A (thermal imaging, FLIR sensors)",480.0,,66.0,6,,27000.0,3.2,5,True
machine-gun-762-mm-m240b,M240B,"Machine Gun, 7.62 mm, M240B",land,mbt,FN America / FN Manufacturing LLC,BE,active_service,1995,8100,"gulf-war-1991, afghanistan-2001","Standard infantry MMG, highly reliable",,,,117688.15,86000.0,2012,,None (US designation of FN MAG),"US, US, US, US, SA",https://upload.wikimedia.org/wikipedia/commons/e/ea/PEO_M240B_Profile.jpg,,1997,5,,,3,2,,,0.295,1.23,,,,,,,1.8,,,,12.5,,0.12,5,True
light-machine-gun-556-mm-m249,M249 SAW,"Light Machine Gun, 5.56 mm, M249",land,mbt,FN Manufacturing LLC / FN America,US,active_service,1984,80000,"gulf-war-1991, balkans-1991, afghanistan-2001",Reliable but prone to sand clogging and heavy; high satisfaction in surveys; provides squad suppressive fire,1970,,,13354.71,11000.0,2020,,,"US, US, US, US",https://upload.wikimedia.org/wikipedia/commons/a/ae/PEO_M249_Para_ACOG.jpg,,1984,4,,,1,1,,,,1.04,,,,,,,800.0,,,,7.5,10.0,,4,True
m270-multiple-launch-rocket-system,M270 MLRS,M270 Multiple Launch Rocket System,land,mlrs,Lockheed Martin Vought / BAE Systems,US,active_service,1983,1300,"gulf-war-1991, afghanistan-2001, ukraine-2022, gaza-2023",First combat Gulf War; used extensively by Ukraine with GMLRS/ATACMS; nicknamed 'grid square removal system',1975,,,,2300000.0,,1979,Not applicable,"US, GB, IL, DE, AU, IT, KR, JP, SA, GB",https://upload.wikimedia.org/wikipedia/commons/4/42/M270A1_Multiple_Launch_Rocket_System_South_Dakota_ANG.jpg,2003,1982,4,,,3,3,,,2.57,6.86,500-600 hp,1,Cummins VTA-903T V8 turbocharged,Diesel,,,480.0,,64.0,0,,24756.0,2.97,10,True
machine-gun-caliber-50-m2a1,M2A1 .50 Cal,"Machine Gun, Caliber .50, M2A1",land,mbt,General Dynamics Armament and Technical Products (GDATP),US,active_service,2011,3,"wwii-1939, korea-1950, vietnam-1955, gulf-war-1991, afghanistan-2001","Upgraded with QCB, fixed headspace/timing, 95% flash reduction; highly effective vs light armor/personnel/aircraft",2007,,,,,,,.50 cal HMG,"US, US, IL",https://upload.wikimedia.org/wikipedia/commons/1/1d/PEO_Browning_M2E2_QCB_%28c1%29.jpg,,2011,3,,,2,2,,,0.24,1.65,,,,,,,2.0,,,,38.0,,0.23,3,True
m2a4-infantry-fighting-vehicle,M2A4 Bradley,M2A4 Infantry Fighting Vehicle,land,ifv,BAE Systems,US,active_service,2022,700,"gulf-war-1991, iraq-2003, afghanistan-2001",Highly effective; A4 extends service life; Ukraine use of M2s notable,2012,,5660000000.0,4669525.11,4350000.0,2022,,Bradley,"US, SA",https://upload.wikimedia.org/wikipedia/commons/9/9d/M2A4_Bradley_%284%29.jpg,2029,2020,6,,,3,3,,,3.3,6.6,675 hp (503 kW),1,Cummins VTA903E-T675,Diesel,,,400.0,,66.0,6,25000.0,35920.0,3.3,2,True
m3-cavalry-fighting-vehicle-cfv,M3 Bradley,M3 Cavalry Fighting Vehicle (CFV),land,mbt,BAE Systems,US,active_service,1985,2100,"gulf-war-1991, iraq-2003, afghanistan-2001","Destroyed more Iraqi tanks than M1 Abrams in Gulf War; 3 lost to enemy fire, 17 friendly fire [Wikipedia](https://en.wikipedia.org/wiki/M3_Bradley), [FAS.org](https://man.fas.org/dod-101/sys/land/m2.h",1977,,5660000000.0,,3166000.0,,,,US,https://commons.wikimedia.org/wiki/File:An_early_US_M3_Bradley_Cavalry_Fighting_Vehicle_(CFV).jpg,1995,1981,3,,,5,3,,,3.0,6.55,600 hp (450 kW),1,Cummins VTA-903T,Diesel,,,480.0,,66.0,0,25000.0,27220.0,3.25,1,True
m3e1-multi-role-anti-armor-anti-personnel-weapon-system-maaws,M3E1 MAAWS Carl Gustaf,M3E1 Multi-Role Anti-Armor Anti-Personnel Weapon System (MAAWS),land,mbt,Saab Dynamics,SE,active_service,2017,1111,afghanistan-2001,"Used for anti-armor, bunker busting; superior range vs AT4",2013,,40.0,,,,,,"US, US, US",https://upload.wikimedia.org/wikipedia/commons/a/a8/M3_MAAWS.jpg,,2017,2,,,2,2,,,,0.95,,,,,,,1.3,,,,7.0,,,3,True
carbine-caliber-556-mm-m4a1,M4A1 carbine,"Carbine, Caliber 5.56 mm, M4A1",land,mbt,Colt's Manufacturing Company (primary); FN Herstal,US,active_service,1994,500000,"afghanistan-2001, balkans-1991, syria-2011, ukraine-2022, gaza-2023",High reliability post-upgrades; 89-94% soldier satisfaction; excels in CQB,1991,,120000000.0,857.75,647.0,2015,,,"US, US, US, US, US",https://upload.wikimedia.org/wikipedia/commons/1/11/Carbine_M4_1.jpg,,1994,3,,,1,1,,,,0.838,,,,"Gas-operated, direct impingement",,,0.5,,,,3.51,,,5,True
m777a2-155-mm-lightweight-towed-howitzer,M777A2,M777A2 155 mm Lightweight Towed Howitzer,land,artillery-towed,BAE Systems,US,active_service,2005,1200,"afghanistan-2001, iraq-2003, syria-2011, ukraine-2022",First combat in Afghanistan; record 36km shot in 2012; heavy use in Ukraine with high losses/barrel wear,1987,,,2.56,2.0,2017,,M777A2,"US, US, US, US, US, IN, GB",https://upload.wikimedia.org/wikipedia/commons/a/ac/M777_howitzer_rear.jpg,2018,2002,3,,,8,5,,,2.26,10.2,,,,,,,30.0,,,,3745.0,4400.0,3.7,7,True
projectile-155mm-high-explosive-m795,M795 155mm HE,"Projectile, 155mm High Explosive, M795",land,mbt,General Dynamics Ordnance and Tactical Systems (primary); Day & Zimmerman; Mason & Hanger,US,active_service,1998,500,ukraine-2022,"Heavily used by Ukraine, 6-8k rounds/day as of 2023; standard US HE round, 30% more lethal than M107",,,,,820.0,,,,"US, US, GB",https://upload.wikimedia.org/wikipedia/commons/2/24/11th_Marine_Regiment_Desert_Fire_Exercise_130423-M-VH365-119.jpg,,1996,4,,,,,,,,0.84,,,,,,,22.5,,,,,47.0,0.155,3,True
m982-increment-ia-2-m982a1-increment-ib,M982 Excalibur,M982 (Increment Ia-2); M982A1 (Increment Ib),land,mbt,"Raytheon Missiles & Defense (prime), BAE Systems Bofors",US,active_service,2007,6500,"afghanistan-2001, ukraine-2022",Highly accurate (CEP &lt;4m); used since 2007; effective but vulnerable to GPS jamming in Ukraine (efficiency dropped from 70% to 6%),1992,,1930000000.0,,68000.0,,2005,,"US, US, US, US, IN, NL, SE, GB",https://upload.wikimedia.org/wikipedia/commons/b/b0/XM982_Excalibur_inert_%28cropped%29.jpg,,2005,3,,,,,,,,1.0,,,,,,,40.0,,,,,48.0,0.155,8,True
mq-1b-predator,MQ-1 Predator,MQ-1B Predator,land,mbt,General Atomics Aeronautical Systems,US,active_service,1995,360,"afghanistan-2001, syria-2011, libya-2011, balkans-1991","First armed UAV; hundreds of strikes, high-value targets; ~70 USAF losses (mostly accidents)",1994,1320.0,,5.86,4.0,2009,1994,,"US, IT, SA, TR, US",https://upload.wikimedia.org/wikipedia/commons/c/c7/MQ-1_Predator%2C_armed_with_AGM-114_Hellfire_missiles.jpg,2015,1994,4,7600.0,,0,0,,,2.1,8.23,86 kW (115 hp),1,Rotax 914F,Piston engine,AN/ZPQ-1 (early),Synthetic aperture radar,1250.0,130.0,217.0,0,512.0,1020.0,14.8,5,True
m1224-maxxpro,MaxxPro MRAP,M1224 MaxxPro,land,mrap,Navistar Defense,US,active_service,2007,9000,"iraq-2003, afghanistan-2001, ukraine-2022",Replaced HMMWVs for convoy protection; credited with saving thousands of lives from IEDs; heavy use and losses in Ukraine,2007,,38.0,,658000.0,,,,"US, US, US, PK, GB, SA",https://upload.wikimedia.org/wikipedia/commons/d/d0/International_MaxxPro.jpg,2011,2007,4,,,,2,,,3.0,6.5,330-375 hp,1,MaxxForce D9.3 I6,Diesel,,,,,,5,17168.0,,2.5,6,True
mk-19-mod-3-40mm-grenade-machine-gun,Mk 19 grenade launcher,Mk 19 Mod 3 40mm Grenade Machine Gun,land,mbt,Saco Defense / General Dynamics Ordnance and Tactical Systems / US Ordnance,US,active_service,1983,35000,"vietnam-1955, gulf-war-1991, afghanistan-2001",Effective against infantry and light armor; vehicle/tripod mounted,1963,,,,13758.0,,1966,,"US, US, US, TR, IL, EG, US",https://upload.wikimedia.org/wikipedia/commons/4/43/MK19-02.jpg,,1984,4,,,2,2,,,,1.095,,,,,,,2.212,,,,35.2,,,7,True
national-advanced-surface-to-air-missile-system,NASAMS,National Advanced Surface-to-Air Missile System,land,sam,Kongsberg Defence & Aerospace and RTX Corporation,NO,active_service,1998,13,ukraine-2022,"94% hit rate in Ukraine, 900+ kills by 2025",,,1.2,,200.0,,1993,,"US, GB, NO, US",https://upload.wikimedia.org/wikipedia/commons/d/d9/Norwegian_Advanced_Surface_to_Air_Missile_System.jpg,,,3,,,2,2,,,,,,,,,AN/MPQ-64F1 Improved Sentinel,3D X-band,50.0,,,,,,,4,True
mrap-all-terrain-vehicle-m-atv,Oshkosh M-ATV,MRAP All-Terrain Vehicle (M-ATV),land,mrap,Oshkosh Defense (Oshkosh Corporation),US,active_service,2009,10000,"afghanistan-2001, ukraine-2022","Developed for Afghanistan terrain/IEDs; high mobility, V-hull protection; first units saved lives in combat Oct 2009; heavy use by US SOF and allies.",2008,,1060000000.0,,470000.0,,,,"US, US, SA, SA, PL, PL",https://upload.wikimedia.org/wikipedia/commons/c/cf/M153_CROWS_mounted_on_a_U.S._Army_M-ATV.jpg,2012,2009,4,,,5,5,,,2.66,6.26,370 hp,1,Caterpillar C7 7.2L inline-6 turbocharged,Diesel,,,510.0,,105.0,0,11000.0,14742.0,2.49,6,True
panzerhaubitze-2000,Panzerhaubitze 2000,Panzerhaubitze 2000,land,artillery-sp,KNDS Deutschland (Krauss-Maffei Wegmann / Rheinmetall),DE,in_production,1998,384,"afghanistan-2001, ukraine-2022","Proven highly effective in Afghanistan (Netherlands/Germany) and Ukraine (intensive use exceeding design limits, some losses)",1987,,,18248718.82,17000000.0,2022,,PzH 2000,"DE, IT, NL, GB, GR, XX, XX, SA, PL",https://upload.wikimedia.org/wikipedia/commons/3/37/Panzerhaubitze_2000.jpg,,1998,3,,,5,3,57.0,,3.4,11.7,736 kW (1000 hp),1,MTU MT881 Ka-500,Diesel,Phased array muzzle velocity radar,Phased array,420.0,,60.0,0,,57000.0,3.58,9,True
mim-104f,Patriot PAC-3,MIM-104F,land,sam,Lockheed Martin,US,in_production,1997,2500,"iraq-2003, ukraine-2022","High success vs TBMs in Iraq; intercepted Kinzhal hypersonic missiles, aircraft in Ukraine",,,9800000000.0,,4000000.0,2025,1997,,"US, DE, JP, NL, IL, SA, SA, PL, SA, SE",https://upload.wikimedia.org/wikipedia/commons/1/12/PATRIOT_PAC-3_MSE.png,,1999,4,20000.0,,,,,,,5.2,,1,Aerojet Rocketdyne,Solid propellant rocket motor,Ka-band active seeker,Millimeter wave AESA,40.0,,5.0,,,315.0,0.255,10,True
rim-116-rolling-airframe-missile,RIM-116 RAM,RIM-116 Rolling Airframe Missile,land,sam-missile,"Raytheon (RTX), Diehl Defence",US,active_service,1992,5500,,No recorded combat use; >95% hit rate in tests [US Navy Fact File](https://www.navy.mil/Resources/Fact-Files/Display-FactFiles/Article/2168961/rim-116-rolling-airframe-missile-ram/),1976,,,1323086.92,998000.0,2015,1978,,"US, DE, JP, KR, GR, TR, EG, SA, SA",https://upload.wikimedia.org/wikipedia/commons/6/63/USS_New_Orleans_%28LPD-18%29_launches_RIM-116_missile_2013.jpg,,1985,4,,,,,,,,2.79,,1,MK 112 Mod 1,Solid rocket,,Passive RF (midcourse),9.0,,2.5,,,74.0,,9,False
rim-161,RIM-161 Standard Missile 3 (SM-3),RIM-161,land,sam-missile,"Raytheon (prime), Aerojet Rocketdyne, Northrop Grumman, Mitsubishi Heavy Industries",US,in_production,2005,500,,First combat use April/Oct 2024 defending Israel from Iranian ballistic missiles; high test success rate ~80-90%,,,,,9.7,,2002,SM-3,"US, JP, KR",https://upload.wikimedia.org/wikipedia/commons/1/1d/USS_Lake_Erie_%28CG-70%29_SM-3_start.jpg,,,3,,,,,,,,6.55,,3,"Mk 72 booster, Mk 104 DTRM, Mk 136 TSRM",Three-stage solid rocket,AN/SPY-1,Multi-function radar,700.0,,10800.0,,,,0.34,3,True
rq-4b-global-hawk,RQ-4 Global Hawk,RQ-4B Global Hawk,land,mbt,"Northrop Grumman (prime); Raytheon, L3Harris",US,active_service,2001,45,"afghanistan-2001, libya-2011","100k+ flight hours (75% combat); 9 losses (crashes, 1 shot down by Iran 2019); no kills (ISR role)",1995,18900.0,222.7,177.19,131.4,2013,1998,Global Hawk,"US, XX, KR, JP, US",https://upload.wikimedia.org/wikipedia/commons/2/29/RQ-4_Global_Hawk.jpg,2027,1998,3,18288.0,,0,0,,,4.7,14.5,7600 lbf (33.8 kN),1,Rolls-Royce F137-RR-100 (AE 3007H),Turbofan,MP-RTIP (Block 40); HISAR,AESA SAR/MTI,22800.0,574.0,629.0,0,6781.0,14628.0,39.9,5,True
s-300-series-eg-s-300p-s-300v,S-300,"S-300 (series, e.g. S-300P, S-300V)",land,sam,Almaz-Antey,SU,active_service,1978,3000,"ukraine-2022, nagorno-karabakh-2020, syria-2011",Destroyed Armenian units in 2020; heavy losses in Ukraine; high exercise success rates but mixed real-world performance vs drones/precision strikes [Wikipedia](https://en.wikipedia.org/wiki/S-300_miss,1967,,,,300000000.0,,,SA-10 Grumble,"US, CN, AU, GB",https://upload.wikimedia.org/wikipedia/commons/e/e5/S-300_-_2009_Moscow_Victory_Day_Parade_%282%29.jpg,2011,1975,4,30000.0,,8,4,,,,7.5,,,MAZ-543/7910 truck,Diesel (transporters),"64N6 Big Bird, 30N6 Flap Lid",Surveillance / Engagement,150.0,,7200.0,,,1800.0,0.5,4,True
s-400-triumf,S-400 Triumf,S-400 Triumf,land,sam,Almaz-Antey,RU,in_production,2007,195,"ukraine-2022, syria-2011",Used for air defense in Ukraine/Syria; multiple losses claimed in Ukraine; Indian claims of intercepts vs Pakistan.,,,5430000000.0,,200000000.0,,,SA-21 Growler,"US, CN, IN, TR, US",https://upload.wikimedia.org/wikipedia/commons/2/2c/Russian_S-400_Triumf_missile_launcher.jpg,,2007,3,30000.0,,,4,,,,,,1,,Turbocharged diesel,"91N6E Big Bird, 92N6E Grave Stone, 96L6E Cheese Board","Phased array acquisition, fire control, surveillance",400.0,,17000.0,,,,,5,True
rim-174-standard-extended-range-active-missile-eram,Standard Missile 6 (SM-6),RIM-174 Standard Extended Range Active Missile (ERAM),land,mbt,Raytheon (RTX),US,active_service,2013,2356,gaza-2023,USS Laboon: 3 ASBMs Dec 2023; USS Carney: 1 ASBM Jan 2024. First combat BMD intercepts.,2005,,12000000000.0,,4300000.0,,2007,,"US, US, JP, US, KR",https://upload.wikimedia.org/wikipedia/commons/d/d5/USS_John_Paul_Jones_%28DDG-53%29_launches_RIM-174_June_2014.JPG,,2009,3,,,0,0,,,,6.55,,1,Dual thrust solid rocket motor + booster,Solid rocket,AIM-120 derived active seeker,Active / semi-active radar homing,240.0,,3.5,,,1500.0,0.34,5,True
fim-92-stinger,Stinger,FIM-92 Stinger,land,sam,Raytheon (RTX),US,active_service,1981,70000,"falklands-1982, ukraine-2022, libya-2011",~300 confirmed kills worldwide; pivotal in Afghanistan (~270 Soviet aircraft); ongoing use in Ukraine,1967,,7280000000.0,502376.49,468000.0,2022,1975,Stinger,US,https://upload.wikimedia.org/wikipedia/commons/4/4b/Voorzijde_van_een_Stinger_lanceerbuis_met_richt-afvuurapparatuur_%282086-065-004%29.jpg,,1978,3,3800.0,,2,1,,,0.1,1.52,,1,MK 27 dual-thrust,Solid rocket,,,4.8,,3100.0,,10.1,15.2,0.07,1,False
m1296-infantry-carrier-vehicle-dragoon-icv-d,Stryker Dragoon,M1296 Infantry Carrier Vehicle - Dragoon (ICV-D),land,mbt,General Dynamics Land Systems (hull); Kongsberg Protech Systems (turret),US,active_service,2018,300,,Developed for European theater vs. Russian threats; enhanced lethality for Stryker BCTs,2015,,,,,,,,US,https://upload.wikimedia.org/wikipedia/commons/a/a5/M1296_ICV-D_Dragoon.jpg,,2017,5,,,2,2,,,2.64,6.95,350 hp,1,Caterpillar C7,Diesel,,,500.0,,100.0,9,16438.0,22500.0,2.72,1,True
m1126-infantry-carrier-vehicle,Stryker ICV,M1126 Infantry Carrier Vehicle,land,apc,General Dynamics Land Systems,US,in_production,2002,1162,"iraq-2003, afghanistan-2001, ukraine-2022","Effective in urban/Counter-insurgency; high IED survivability; >27M combat miles; ongoing upgrades (DVH, 30mm cannon)",1999,,8000000000.0,6705487.8,4900000.0,2012,2000,,"US, GB, EG",https://upload.wikimedia.org/wikipedia/commons/c/c3/M1126_STRYKER_IFV.png,,2002,4,,,2,2,,,2.64,6.95,350 hp,1,Caterpillar C7,Diesel,,,500.0,,100.0,9,16500.0,19000.0,2.72,3,True
object-148,T-14 Armata,Object 148,land,mbt,Uralvagonzavod / Ural Design Bureau of Transport Machine-Building,RU,limited_service,2024,20,ukraine-2022,Tested in indirect fire role; withdrawn after trials; no confirmed combat losses or kills,2010,,,6.63,5.0,2015,2015,,US,https://upload.wikimedia.org/wikipedia/commons/d/dd/14T_Armata.jpg,,2015,4,,,3,3,,,3.3,10.8,1500 hp (1100 kW),1,ChTZ 12N360 (A-85-3A),Diesel,,26.5–40 GHz AESA (for APS),500.0,,90.0,0,,48000.0,3.5,1,True
t-72-ural-object-172m,T-72,T-72 Ural (Object 172M),land,mbt,Uralvagonzavod,SU,in_production,1973,25000,"iraq-2003, gulf-war-1991, balkans-1991, syria-2011, ukraine-2022","Widely used; notable for autoloader vulnerabilities leading to catastrophic kills; heavy losses in modern conflicts like Ukraine (Russia: 1,800+ visual confirmed losses) [Wikipedia](https://en.wikiped",1968,,,,1200000.0,,1968,,"US, IN, GB, PL",https://upload.wikimedia.org/wikipedia/commons/4/46/Tank_T-72.JPG,,1971,3,,,3,3,46.0,,2.22,9.53,780 hp,1,V-46-6,Diesel,,Optical rangefinder,483.0,,60.0,0,,46000.0,3.59,4,True
terminal-high-altitude-area-defense,THAAD,Terminal High Altitude Area Defense,land,sam,Lockheed Martin,US,active_service,2008,8,,First combat intercept Jan 2022 (UAE); deployed Israel Oct 2024; used in 2025 Iran-Israel conflict (~150 interceptors expended),1992,,,,800000000.0,,1995,,"US, SA, SA, SA",https://upload.wikimedia.org/wikipedia/commons/4/45/The_first_of_two_Terminal_High_Altitude_Area_Defense_%28THAAD%29_interceptors_is_launched_during_a_successful_intercept_test_-_US_Army.jpg,,2007,3,150000.0,,95,90,,,,6.2,,1,Aerojet Rocketdyne SRBM / LDACS,Solid rocket booster + liquid divert,AN/TPY-2,X-band AESA,200.0,,10100.0,,,900.0,0.4,4,True
xm30-mechanized-infantry-combat-vehicle-micv,XM30,XM30 Mechanized Infantry Combat Vehicle (MICV),land,ifv,General Dynamics Land Systems; American Rheinmetall Vehicles,US,prototype,,0,,,2018,,45000000000.0,,,,,,US,https://api.army.mil/e2/c/images/2023/06/26/b16e1dd1/original.jpg,,,6,,,2,2,,,,,Not specified,1,Not specified,Hybrid-electric,Not specified,Not specified,,,,6,,50000.0,,1,False
m7-rifle-previously-xm7,XM7 / M7 NGSW Rifle,M7 rifle (previously XM7),land,mbt,SIG Sauer,US,active_service,2024,28000,,New fielding 2024-26; no combat use as of 2026,2019,,20.4,,4730.0,,,,US,https://commons.wikimedia.org/wiki/File:XM7_rifle.jpg,,2022,4,,,1,1,,,0.2,0.89,,,,,,,600.0,,,,3.8,4.46,0.069,1,True
agm-154,AGM-154 Joint Standoff Weapon (JSOW),AGM-154,munition,agm,Raytheon (RTX),US,active_service,1999,10000,"iraq-2003, afghanistan-2001",First use Dec 1998 over Iraq; >400 used; effective SEAD ([Wikipedia](https://en.wikipedia.org/wiki/AGM-154_Joint_Standoff_Weapon)),1991,,3.3,,282000.0,,1991,,"US, US, US, NL, TW, GB",https://upload.wikimedia.org/wikipedia/commons/9/9a/AGM-154_JSOW_01.jpg,,1999,4,,,,,,,0.33,4.1,,,Unpowered,,,,130.0,,,,,483.0,0.33,6,True
agm-158ab-jassm-jassm-er,AGM-158 JASSM,AGM-158A/B JASSM / JASSM-ER,munition,agm,Lockheed Martin,US,active_service,2009,3600,syria-2011,19 successful in Syria 2018; used vs ISIS 2019; all hits reported,1995,,8100000000.0,1855055.35,1600000.0,2021,1999,,"US, US, AU, JP, NL, DE, IT",https://upload.wikimedia.org/wikipedia/commons/e/ea/AGM-158_JASSM.jpg,,2001,5,,,0,0,,,0.45,4.27,3-6 kN,1,Teledyne CAE J402 (A); Williams F107 (B),Turbojet / Turbofan,,,370.0,1000.0,1000.0,,,1020.0,0.55,7,True
agm-65-maverick,AGM-65 Maverick,AGM-65 Maverick,munition,agm,Raytheon (RTX),US,active_service,1972,70000,"vietnam-1955, yom-kippur-1973, iraq-2003, gulf-war-1991, afghanistan-2001, libya-2011","Over 5,000 fired in Desert Storm with 80-90% hit rate vs armor; key in destroying Iraqi forces",1966,,3.0,,17000.0,,1969,None,"US, US, US",https://upload.wikimedia.org/wikipedia/commons/a/a1/AGM-65_Maverick_MG_1382.jpg,,1970,4,,,,,,,,2.49,,1,Thiokol TX-481 / SR109 / SR114,Solid rocket,,,22.0,,1150.0,,,210.0,0.72,3,True
agm-88e-advanced-anti-radiation-guided-missile,AGM-88E AARGM,AGM-88E Advanced Anti-Radiation Guided Missile,munition,agm,Northrop Grumman,US,active_service,2012,1500,gaza-2023,Destroyed Houthi Mi-24/35 helicopter [Wikipedia](https://en.wikipedia.org/wiki/AGM-88_HARM),2003,,,,317000.0,,2012,,"US, US, IT, DE",https://upload.wikimedia.org/wikipedia/commons/d/d5/AGM-88_HARM_on_F-4G.jpg,,2012,4,,,,,,,,4.17,,1,Thiokol dual-thrust,Solid rocket,,Millimeter wave terminal,130.0,,2.0,,,361.0,0.254,4,False
aim-120-advanced-medium-range-air-to-air-missile,AIM-120 AMRAAM,AIM-120 Advanced Medium-Range Air-to-Air Missile,munition,aam,Raytheon (RTX),US,active_service,1991,14000,"balkans-1991, syria-2011, ukraine-2022",16 confirmed kills; first kill 1992 vs Iraqi MiG-25; Pk 0.59 in BVR,1979,,,,386000.0,,1981,AMRAAM,"US, US, US, US, US, DE, JP, NL, NO, PK",https://upload.wikimedia.org/wikipedia/commons/a/a0/20180328_AIM-120_Udvar-Hazy.jpg,,1988,5,,,0,0,,,,3.66,,1,HTPB,Solid rocket motor,Active radar seeker,Monopulse active radar homing,50.0,,4.0,,,152.0,0.53,10,False
aim-260a-joint-advanced-tactical-missile,AIM-260 JATM,AIM-260A Joint Advanced Tactical Missile,munition,aam,Lockheed Martin,US,active_service,,,,No combat use,2017,,687.0,,,,2020,,"US, US, US",https://upload.wikimedia.org/wikipedia/commons/b/bc/2013_Australian_International_Airshow_%282%29.jpg,,2024,4,,,,,,,,3.7,,1,Classified,Solid rocket motor (dual-pulse est.),,Active radar homing (est. AESA),200.0,,,,,,,3,False
air-intercept-missile-7-sparrow,AIM-7 Sparrow,Air Intercept Missile 7 Sparrow,munition,aam,"Raytheon (primary), General Dynamics",US,limited_service,1956,70000,"vietnam-1955, gulf-war-1991, yom-kippur-1973, ukraine-2022",Vietnam: ~9% kill probability (56 kills from 612 fired); Gulf War: ~55% kill probability (24-26 kills from 44 fired); Recent Ukraine SAM use vs drones/cruise missiles,1946,,,,125000.0,,1952,,"US, US, US, US, US, GR, IL, JP, KR, TW",https://upload.wikimedia.org/wikipedia/commons/0/0d/AIM-7_Sparrow.jpg,1989,1954,5,,,,,,,,3.66,Classified,1,Hercules MK-58,Solid-propellant rocket motor,,Semi-active radar homing,70.0,,4900.0,,,231.0,0.2,10,True
aim-9x-block-iii-sidewinder,AIM-9X Sidewinder Block III,AIM-9X Block III Sidewinder,munition,aam,Raytheon (RTX),US,cancelled,,0,,Cancelled pre-production; no combat use,2012,,,,,,,Sidewinder,"US, US",https://upload.wikimedia.org/wikipedia/commons/8/8b/AIM-9X_Block_II_Sidewinder_%28AIM-9X_Blk_II%29.png,,,6,,,,,,,,3.02,,1,Improved MK 36,Solid-propellant rocket (upgraded),,,35.0,,,,,84.0,0.127,2,False
mgm-140-army-tactical-missile-system,ATACMS,MGM-140 Army Tactical Missile System,munition,bm,Lockheed Martin,US,active_service,1991,4000,"gulf-war-1991, afghanistan-2001, ukraine-2022","Over 1000 fired in combat; effective against airfields, SAM sites, ammo depots; resilient to jamming ([Wikipedia](https://en.wikipedia.org/wiki/ATACMS), [CSIS](https://missilethreat.csis.org/missile/a",1982,,,,1.0,,1988,None,"US, US, GR, KR, TW, TR, SA, GB",https://upload.wikimedia.org/wikipedia/commons/c/cb/M57A1_Army_Tactical_Missile_System_missile.jpg,,1988,3,50000.0,,,,,,,4.0,,1,Single-stage solid propellant,Solid rocket,,,165.0,,3700.0,,,1670.0,0.61,8,True
cbu-97b,CBU-97 Sensor Fuzed Weapon,CBU-97/B,munition,mbt,Textron Defense Systems,US,active_service,1997,5700,syria-2011,Combat debut 2003 Iraq vs Republican Guard tanks; highly effective vs armored convoys; caused surrenders per USAF reports [Aviation Week](https://aviationweek.com/usaf-sfws-debut-triggered-surrender-i,1984,,,,360000.0,,1990,,"US, IN, SA, KR, SA, SA, TR",https://upload.wikimedia.org/wikipedia/commons/6/6c/Load_%E2%80%98er_up.jpg,2016,1992,4,6100.0,,,,,,,2.34,,,,,,,60.0,,1200.0,,97.7,420.0,0.4,7,True
guided-bomb-unit-12-paveway-ii,GBU-12 Paveway II,Guided Bomb Unit-12 Paveway II,munition,bomb-guided,Lockheed Martin / Raytheon (originally Texas Instruments),US,active_service,1976,32636,"vietnam-1955, gulf-war-1991, iraq-2003, afghanistan-2001",Gulf War: F-111s destroyed 920 Iraqi tanks/APCs; CEP 9m or better (1.1m quoted); widely used precision weapon,,,563.0,,19000.0,,,,"US, US, US, US, US, AU, GR, IL, PK, KR",https://upload.wikimedia.org/wikipedia/commons/3/32/GBU-12s_loading_on_F-14.jpg,,,3,,,,,,,,3.28,,,,,,,14.8,,,,,363.0,0.457,10,True
guided-bomb-unit-28,GBU-28 Bunker Buster,Guided Bomb Unit-28,munition,bomb-guided,Watervliet Arsenal / National Forge / Raytheon,US,active_service,1991,300,"gulf-war-1991, afghanistan-2001, gaza-2023",Rapid dev in 28 days; penetrates 6m+ concrete; limited combat use but proven effective,1991,,,,473000.0,,1991,,"US, IL, KR",https://upload.wikimedia.org/wikipedia/commons/2/2e/USAF_F-15E_releases_GBU-28.jpg,,1991,3,,,,,,,1.65,5.8,,,,,,,10.0,,1100.0,,,2268.0,0.71,3,True
gbu-39b,GBU-39 Small Diameter Bomb (SDB),GBU-39/B,munition,mbt,Boeing,US,active_service,2006,24000,"gaza-2023, ukraine-2022",First combat use Oct 2006; high accuracy (~90% in Ukraine); low collateral damage design,2001,,,62341.27,40000.0,2006,,,"US, IL, US, IT, NL, SA, KR",https://upload.wikimedia.org/wikipedia/commons/9/92/SDB3.jpg,,2005,3,,,,,,,0.406,1.8,,,,,,,74.0,,,,,122.0,0.19,7,True
gbu-53b-small-diameter-bomb-increment-ii-sdb-ii,GBU-53B StormBreaker,GBU-53/B Small Diameter Bomb Increment II (SDB II),munition,bomb-guided,Raytheon (RTX),US,active_service,2020,26610,syria-2011,First USN use March 2025 by F/A-18E/F from USS Harry S. Truman; exceptional performance reported,2006,,450000000.0,,115000.0,,2009,,"US, US, US, US, DE, IT, NO",https://upload.wikimedia.org/wikipedia/commons/2/22/GBU-53_StormBreaker_on_F-15E_Strike_Eagle.jpg,,2015,5,,,,,,,,1.78,,,,None (glide bomb),"Tri-mode seeker (MMW radar, IIR, SAL)",Millimeter-wave radar,110.0,,,,,93.0,0.17,7,True
agm-84-rgm-84-ugm-84-harpoon,Harpoon,AGM-84 / RGM-84 / UGM-84 Harpoon,munition,ashm,Boeing,US,in_production,1977,7000,"ukraine-2022, iraq-2003",US sank Iranian frigate Sahand and patrol boat Joshan (1988); Ukraine sank Russian tug (2022); reliable anti-ship record,1965,,,1.59,1.2,2015,1977,,"US, US, US, JP, KR, IN, IL, GB",https://upload.wikimedia.org/wikipedia/commons/2/2b/USS_Badger_%28FF-1071%29_Launching_Harpoon.jpg,,1977,4,,,0,0,,,0.34,4.63,~3 kN,1,Teledyne CAE J402,Turbojet + solid rocket booster,AN/DSQ-48,Active radar homing,220.0,850.0,850.0,,,690.0,0.9,8,True
agm-114-hellfire,Hellfire,AGM-114 Hellfire,munition,agm,Lockheed Martin,US,in_production,1984,71500,"gulf-war-1991, afghanistan-2001, syria-2011, balkans-1991, ukraine-2022","~500 Iraqi tanks killed in Gulf War; first UAV kills; air-to-air use (Israel vs Cessna 2001); high precision, low collateral variants like R9X",1974,,7200000000.0,132043.54,99600.0,2015,1978,,"US, IL, GB, US, EG, IN, EG, NL, NO, PK",https://upload.wikimedia.org/wikipedia/commons/1/1b/Lockheed_Martin_Longbow_Hellfire.jpg,,1982,4,,,0,0,,,,1.63,,1,,Solid-propellant rocket motor,,Semi-active laser homing (primary); MMW radar (Longbow variant),11.0,,1600.0,,,49.0,0.18,10,False
gbu-313238-series,JDAM (Joint Direct Attack Munition),GBU-31/32/38 series,munition,bomb-guided,Boeing,US,in_production,1997,550000,"afghanistan-2001, ukraine-2022",651 dropped in Allied Force (96% reliability); widely used in GWOT; jamming issues noted in Ukraine [[Wikipedia](https://en.wikipedia.org/wiki/Joint_Direct_Attack_Munition)],1992,,10.0,25000.0,25000.0,2024,1993,,"US, US, IL, NL, GB",https://upload.wikimedia.org/wikipedia/commons/9/9b/Jdam_gps_guided_bomb.jpg,,1997,4,,,0,0,,,0.36,3.88,,,,,,,24.0,,1225.0,,280.0,960.0,0.64,5,True
fgm-148-javelin,Javelin,FGM-148 Javelin,munition,atgm,Javelin Joint Venture (Lockheed Martin / RTX),US,in_production,1996,50000,"iraq-2003, afghanistan-2001, syria-2011, ukraine-2022","Over 5,000 successful engagements claimed by manufacturer (2019); pivotal in Ukraine destroying thousands of Russian armored vehicles; 100% hit rate in early Ukraine use per Pentagon; effective top-at",1983,,,,175000.0,,1991,,"US, GB, GB, US, AU, PL, NO",https://upload.wikimedia.org/wikipedia/commons/1/1b/FGM-148_Javelin_missile_launch.jpg,,1994,4,150.0,,2,1,,,,1.12,,2,,Solid rocket motor (two-stage: launch and flight),,N/A (imaging infrared seeker),2.5,,500.0,,11.8,22.3,0.127,7,True
3m-543m-14-kalibr,Kalibr,3M-54/3M-14 Kalibr,munition,ssm,NPO Novator (OKB-8),RU,in_production,1994,240,"syria-2011, ukraine-2022","Syria (2015+: 100+ launches vs ISIL/rebels from Caspian/Med); Ukraine (2022+: hundreds vs infrastructure/cities, e.g. Vinnytsia 20 killed; some intercepted) [Wikipedia](https://en.wikipedia.org/wiki/K",1985,,,10.13,6.5,2006,,SS-N-27 Sizzler / SS-N-30A,"US, CN, IN, AU",https://upload.wikimedia.org/wikipedia/commons/3/38/3M-54E1.jpg,,,4,,,0,0,,,,8.22,Unknown,2,,Solid propellant booster + turbojet,,Active radar homing (terminal),220.0,980.0,3700.0,,,1800.0,0.53,4,False
agm-158c-long-range-anti-ship-missile,LRASM,AGM-158C Long Range Anti-Ship Missile,munition,ssm,Lockheed Martin,US,active_service,2018,,,No combat use recorded,2009,,,,3300000.0,,2013,,"US, US, US",https://upload.wikimedia.org/wikipedia/commons/6/6b/Long_Range_Anti-Ship_Missile_%28LRASM%29_launches_from_an_Air_Force_B-1B_Lancer.jpg,,2017,3,,,,,,,0.45,4.26,,1,Teledyne CAE J402 (uprated),Turbojet,,Passive RF,370.0,,900.0,,,1250.0,0.635,3,False
gbu-57ab,Massive Ordnance Penetrator (MOP),GBU-57A/B,munition,bomb-guided,Boeing,US,active_service,2011,20,,First combat use 22 June 2025: 14 bombs dropped by 7 B-2 Spirits; designed for deeply buried targets; effective against hardened bunkers per reports,2004,,,,30.0,,2008,,US,https://upload.wikimedia.org/wikipedia/commons/b/bb/USAF_MOP_test_release_crop.jpg,,2011,6,,,,,,,,6.2,,,,,,,,,,,,14000.0,0.8,1,True
mark-48-advanced-capability-adcap-torpedo,Mk 48 ADCAP,Mark 48 Advanced Capability (ADCAP) Torpedo,munition,torpedo,Lockheed Martin,US,active_service,1988,1046,,High effectiveness; first US sub combat sink since WWII in 2026; test sinks in RIMPAC 2008,,,,,4.0,,,,"US, US, NL, TW",https://upload.wikimedia.org/wikipedia/commons/1/1a/Mark_48_ADCAP_torpedo.jpg,,1985,6,,,,,,800.0,,5.79,,1,Otto fuel II,"Liquid propellant, swash-plate piston engine, pump-jet",,,46.0,,102.0,,,1676.0,0.533,4,True
mark-54-mod-01-lightweight-torpedo,Mk 54 lightweight torpedo,Mark 54 Mod 0/1 Lightweight Torpedo,munition,torpedo,"Raytheon (RTX), Ultra Electronics, Progeny Systems",US,active_service,2004,,,No known combat use; primary ASW weapon for training/exercises,1999,,,,3.0,2025,1999,,"US, US, IN",https://upload.wikimedia.org/wikipedia/commons/4/42/WTUS_PostWWII_mk54_pic.jpg,2020,2003,6,,,,,,,,2.72,,1,Reciprocating external combustion,"Liquid propellant, Otto II",,,,,74.0,,,275.0,0.324,3,False
mark-82-mark-83-mark-84-mk-80-series,Mk 82/83/84 General Purpose Bombs,"Mark 82, Mark 83, Mark 84 (Mk 80 series)",munition,mbt,General Dynamics Wikipedia Mk82,US,active_service,,,"vietnam-1955, gulf-war-1991, afghanistan-2001, balkans-1991, syria-2011, gaza-2023",Baseline unguided; precision w/JDAM/Paveway (CEP 5m); widely used in recent conflicts [FAS](https://man.fas.org/dod-101/sys/smart/gbu-10.htm),,,,,4000.0,,,,"US, US, US, TR, SA, IL, PK",https://upload.wikimedia.org/wikipedia/commons/b/b9/Mk._81_250-lb_and_Mk._82_Snakeye_I_500-lb.jpg https://en.wikipedia.org/wiki/Mark_82_bomb,,,5,,,,,,,,82.0,,,,,,,,,,,,82.0,82.0,7,False
gbu-43b-massive-ordnance-air-blast,Mother of All Bombs (MOAB),GBU-43/B Massive Ordnance Air Blast,munition,bomb-unguided,Air Force Research Laboratory (AFRL); Dynetics,US,active_service,2003,15,afghanistan-2001,"First combat use 13 April 2017 against ISIS-K tunnel complex in Achin District, Nangarhar Province; reportedly killed 94 militants including 4 commanders. Only known operational use.",2002,,,,170000.0,,2003,,US,https://upload.wikimedia.org/wikipedia/commons/4/42/MOABAFAM.JPG,,2003,3,,,,,,,,9.1,,,,,,,,,,,,9800.0,1.03,1,False
precision-strike-missile-prsm,Precision Strike Missile (PrSM),Precision Strike Missile (PrSM),munition,bm,Lockheed Martin,US,active_service,2023,4000,,First combat use March 2026 by US CENTCOM from HIMARS against Iranian targets; demonstrated extended range over ATACMS,2013,,8400000000.0,,1400000.0,,2019,,"US, US",https://upload.wikimedia.org/wikipedia/commons/c/c4/Precision_Strike_Missile_%28PrSM%29_Increment_1_Limited_User_Test.jpg,,2025,7,,,,,,,,4.0,,,,Solid rocket,,,400.0,,,,,816.0,0.43,2,True
agm-84hk-standoff-land-attack-missile-expanded-response,SLAM-ER,AGM-84H/K Standoff Land Attack Missile-Expanded Response,munition,ssm,Boeing,US,active_service,2000,500,"balkans-1991, iraq-2003, afghanistan-2001, gaza-2023","Proven effective in precision strikes against land/sea targets, man-in-loop control, best USN CEP as of 2009 [[Navy.mil](https://www.navy.mil/Resources/Fact-Files/Display-FactFiles/Article/2168997/sla",1994,,,732400.93,500000.0,2009,1997,,"US, SA, TR, SA, KR",https://upload.wikimedia.org/wikipedia/commons/b/b0/AGM-84H_m02006120800059.jpg,,1997,4,,,,,,,,4.4,&gt;600 lbf,1,Teledyne,Turbojet,,,250.0,,900.0,,,675.0,0.343,5,True
scalp-eg-france-storm-shadow-uk,Storm Shadow / SCALP,SCALP-EG (France); Storm Shadow (UK),munition,ssm,MBDA (formerly Matra BAe Dynamics),FR,active_service,2003,2000,"libya-2011, syria-2011, ukraine-2022","High success rate (97% Libya); used for hardened targets, bunkers; some Russian claims of intercepts in Ukraine; strikes on ships, bridges, HQs",1994,,,,2000000.0,,2000,,"GB, AU, IT, EG, GR, IN, SA, SA, SA, GB",https://upload.wikimedia.org/wikipedia/commons/3/3f/RAF_Museum%2C_Colindale%2C_London_-_DSC06025.JPG,2025,1997,3,,,0,0,,,,5.1,5.4 kN,1,Microturbo TRI 60-30,Turbojet,,Terrain reference (TERPROM); imaging infrared seeker (DSMAC),250.0,980.0,980.0,,,1300.0,3.0,10,True
bgm-109-tomahawk-land-attack-missile-tlam,Tomahawk,BGM-109 Tomahawk Land Attack Missile (TLAM),munition,ssm,Raytheon (RTX),US,in_production,1983,4000,"gulf-war-1991, afghanistan-2001, libya-2011, syria-2011","Over 2,300 fired in combat since 1991; high success rate (85%+ in Gulf War); first used Operation Desert Storm",1972,,11210000000.0,,2400000.0,,1983,,"US, US, US, GB, US, NL",https://upload.wikimedia.org/wikipedia/commons/e/e8/Tomahawk_Block_IV_cruise_missile_-crop.jpg,,,5,50.0,,0,0,,,0.53,6.25,,1,Williams F107/F415,Turbofan,,"INS, TERCOM, DSMAC, GPS (Block IV/V)",1600.0,885.0,885.0,,1315.0,1588.0,2.67,6,True
project-22350,Admiral Gorshkov-class frigate,Project 22350,sea,frigate,"Severnaya Verf, Saint Petersburg Wikipedia",RU,in_production,2018,10,,Zircon hypersonic missile tests; no combat losses/kills [Wikipedia](https://en.wikipedia.org/wiki/Russian_frigate_Admiral_Gorshkov),2003,,,,250000000.0,,2010,,US,https://upload.wikimedia.org/wikipedia/commons/a/a6/Admiral_Gorshkov_frigate_02.jpg https://upload.wikimedia.org/wikipedia/commons/a/a6/Admiral_Gorshkov_frigate_02.jpg,,2006,4,,,210,,5400.0,,4.5,135.0,65000 hp [Military Factory](https://www.militaryfactory.com/ships/detail.php?ship_id=admiral-gorshkov-417-guided-missile-frigate-russian-navy),4,"2x 10D49 diesel, 2x M90FR gas turbines [Military Factory](https://www.militaryfactory.com/ships/detail.php?ship_id=admiral-gorshkov-417-guided-missile-frigate-russian-navy)",CODAG [Military Factory](https://www.militaryfactory.com/ships/detail.php?ship_id=admiral-gorshkov-417-guided-missile-frigate-russian-navy),"Poliment, Furke-4 5P-27 [Army Recognition](https://armyrecognition.com/military-products/navy/frigates/admiral-gorshkov-class-frigate-project-22350)","AESA, 3D air-search [Army Recognition](https://armyrecognition.com/military-products/navy/frigates/admiral-gorshkov-class-frigate-project-22350)",8330.0,37.0,55.0,,,5400000.0,16.0,1,False
lha-6-flight-0-lha-8-flight-1,America-class amphibious assault ship,LHA 6 (Flight 0) / LHA 8 (Flight 1),sea,amphibious,Huntington Ingalls Industries (Ingalls Shipbuilding),US,active_service,2014,2,,"Deployments for exercises, presence; no combat yet",2001,38382.0,19700000000.0,,3900000000.0,,,,US,https://upload.wikimedia.org/wikipedia/commons/0/0a/USS_America_%28LHA-6%29_F-35B_loaded.jpg,,2009,4,,,1204,,43745.0,,,260.7,"70,000 shp (Flight 0); 59,000 shp (Flight 1)",2,2x Rolls-Royce MT30 gas turbines; 2x auxiliary propulsion motors,CODLAG (Combined Diesel and Gas),,3D air search radar (EASR planned),,,37.0,1687,,,32.3,1,False
arleigh-burke-class-ddg-51-flight-iii-guided-missile-destroyer,Arleigh Burke Flight III Destroyer,Arleigh Burke-class (DDG-51) Flight III Guided Missile Destroyer,sea,destroyer,"Bath Iron Works (General Dynamics), Huntington Ingalls Industries Ingalls Shipbuilding",US,in_production,2023,3,,New variant; no combat deployments yet,2013,,87000000000.0,,2500000000.0,,,,US,https://upload.wikimedia.org/wikipedia/commons/3/3a/DDG-125_acceptance_trials.jpg,,2016,4,,,359,,9700.0,,,155.3,"100,000 shp (74.6 MW)",4,General Electric LM2500-30,Gas Turbine,AN/SPY-6(V)1,AESA Air and Missile Defense Radar (AMDR),7400.0,,55.0,,8300000.0,9700000.0,20.0,1,True
ddg-51-arleigh-burke-class-guided-missile-destroyer,Arleigh Burke-class destroyer,DDG-51 Arleigh Burke-class guided-missile destroyer,sea,destroyer,"Bath Iron Works (General Dynamics), Ingalls Shipbuilding (Huntington Ingalls); Lockheed Martin (Aegis)",US,in_production,1991,74,"iraq-2003, syria-2011, gaza-2023","Tomahawk strikes, missile intercepts, carrier escort; no losses",1980,,,,2500000000.0,2025,1988,,US,https://upload.wikimedia.org/wikipedia/commons/9/93/USS_Arleigh_Burke_%28DDG_51%29_steams_through_the_Mediterranean_Sea.jpg,,1988,3,,,359,300,8300.0,,9.3,153.9,"100,000 shp",4,General Electric LM2500-30,Gas turbine,AN/SPY-1D / AN/SPY-6(V)1 (Flight III),Phased array (PESA/AESA),8140.0,,55.0,,8300.0,9700.0,18.0,1,True
columbia-class-ballistic-missile-submarine-ssbn-826-class,Columbia class,Columbia-class ballistic missile submarine (SSBN-826 class),sea,submarine-ssbn,General Dynamics Electric Boat,US,active_service,2031,2,,Designed for strategic nuclear deterrence; no operational history yet,2008,,347000000000.0,,9300000000.0,,,,US,https://upload.wikimedia.org/wikipedia/commons/e/e9/Artist_rendering_of_a_Columbia-class_ballistic_missile_submarine%2C_2019_%28190306-N-N0101-125%29.jpg,2035,2021,3,,,155,,20800.0,,,171.0,,1,,"Nuclear, electric drive",,N/A (sonar primary),,,37.0,,,,13.0,1,False
constellation-ffg-62-class-guided-missile-frigate,Constellation-class,Constellation (FFG-62)-class guided-missile frigate,sea,frigate,Fincantieri Marinette Marine,US,cancelled,2029,2,,Pre-operational,2017,,10.0,,1200000000.0,,2024,,US,https://upload.wikimedia.org/wikipedia/commons/a/a7/U.S._Navy_guided-missile_frigate_FFG%28X%29_artist_rendering%2C_30_April_2020_%28200430-N-NO101-150%29.JPG,2025,2020,4,,,200,,7408.0,,,151.2,48679 hp,1,GE LM2500+G4 GT; MTU 20V 4000 M53B diesels x4; electric motors x2,CODLAG,AN/SPY-6(V)3 (EASR),AESA,11000.0,30.0,48.0,,6113000.0,7408000.0,19.7,1,False
cyclone-class-patrol-coastal-ships-pc-1-class,Cyclone class,Cyclone-class patrol coastal ships (PC-1 class),sea,mbt,"Bollinger Shipyards, Inc., Lockport, LA",US,active_service,1993,14,,Primarily patrol/interdiction/SOF support; hull fatigue issues after 15-year design life; deployed Bahrain 2015 for Iran tensions,1987,,,,20000000.0,,,,"US, US, XX, EG, XX",https://upload.wikimedia.org/wikipedia/commons/f/f9/USS_Hurricane_%28PC-3%29%2C_USS_Typhoon_%28PC-5%29_and_USS_Chinook_%28PC-9%29_underway_in_March_2015.JPG,2000,1991,5,,,30,,315.0,,17.77,51.62,"3350 bhp (2500 kW) each; 13,400 shp total",4,Paxman Valenta 16RP200M (16CM),Diesel engines,"N/A (navigation/surface search radars typical, unspecified)",Surface search/navigation,3700.0,46.0,65.0,8,,315.0,7.62,5,False
next-generation-guided-missile-destroyer,DDG(X),Next-Generation Guided-Missile Destroyer,sea,destroyer,"General Dynamics/Bath Iron Works, Huntington Ingalls/Ingalls Shipbuilding (planned); Gibbs & Cox (design)",US,active_service,,0,,None (pre-commissioning),2021,,,,4.0,,,,US,https://upload.wikimedia.org/wikipedia/commons/f/f8/DDG%28X%29_SNA_2022.png,,,4,,,,,14500.0,,,200.0,TBD,,TBD,"Integrated Power System (IPS), turboelectric",AN/SPY-6 (enlarged),AESA,50.0,,56.0,,,14500.0,,1,False
frgate-europenne-multi-mission-fregata-europea-multi-missione-aq,FREMM multipurpose frigate,Frégate Européenne Multi-Mission / Fregata Europea Multi-Missione (Aquitaine-class / Bergamini-class),sea,frigate,Naval Group (France) / Fincantieri (Italy) Wikipedia,FR,in_production,2012,25,,Deployed in exercises and operations but no combat engagements noted [Wikipedia](https://en.wikipedia.org/wiki/FREMM_multipurpose_frigate),2005,,12.0,1008838191.8,760000000.0,2014,2010,None,"AU, IT, EG, XX",https://upload.wikimedia.org/wikipedia/commons/5/54/Nave_Bergamini_3.JPG,,2007,2,,,199,108,6615.0,,,142.0,32 MW (Italian GT) [Wikipedia](https://en.wikipedia.org/wiki/FREMM_multipurpose_frigate),1,MTU Series 4000 diesel; GE-Avio LM2500 gas turbine [Wikipedia](https://en.wikipedia.org/wiki/FREMM_multipurpose_frigate); [Military Factory](https://www.militaryfactory.com/ships/detail.php?ship_id=fremm-multipurpose-frigate-french-navy),CODLOG (French) / CODLAG (Italian) [Military Factory](https://www.militaryfactory.com/ships/detail.php?ship_id=fremm-multipurpose-frigate-french-navy),Héraklès (French) / Leonardo Kronos Grand Naval MFRA (Italian) [Wikipedia](https://en.wikipedia.org/wiki/FREMM_multipurpose_frigate),PES/A (French) / AESA 3D C-band (Italian) [Wikipedia](https://en.wikipedia.org/wiki/FREMM_multipurpose_frigate),11265.0,,50.0,,,,19.8,4,True
ssn-688-class,Los Angeles-class submarine,SSN-688 class,sea,submarine-ssn,"General Dynamics Electric Boat, Newport News Shipbuilding",US,active_service,1976,62,"gulf-war-1991, iraq-2003","Launched Tomahawks in Gulf War (2 subs) and OIF (12 subs); ASW, ISR, strike roles",1967,,843.0,1802.98,750.0,1990,,,US,https://upload.wikimedia.org/wikipedia/commons/9/98/USS_Los_Angeles%3B0868802.jpg,1996,1972,4,,,143,,6900.0,450.0,,109.73,165 MW thermal,1,S6G,Pressurized Water Reactor,BPS-15/16 (periscope),X-Band surface search,,,46.0,,,7011000.0,10.06,1,False
mq-25a-stingray,MQ-25 Stingray,MQ-25A Stingray,sea,tanker,Boeing,US,active_service,2026,7,,No combat use,2016,,14900000000.0,195000000.0,195000000.0,2024,2019,,US,https://upload.wikimedia.org/wikipedia/commons/1/10/Boeing_MQ-25_Stingray.JPG,,2025,6,,,0,0,,,3.0,15.5,>44 kN,1,Rolls-Royce AE 3007N,Turbofan,,,930.0,,,,,,22.9,1,True
btiment-de-projection-et-de-commandement-bpc,Mistral class,Bâtiment de Projection et de Commandement (BPC),sea,amphibious,DCNS (Naval Group) / Chantiers de l'Atlantique,FR,active_service,2006,5,libya-2011,"Primarily used for amphibious assault, command, humanitarian aid; Russian order cancelled and resold to Egypt",1997,,,1259451476.79,950000000.0,2015,,,"AU, EG",https://commons.wikimedia.org/wiki/File:Bloody-Mistrals-2015022.jpg,2014,2003,3,,,200,160,21300.0,,6.3,199.0,3 x 6.2 MW + 1 x 3 MW,4,Wärtsilä 16V32 / Vaasa 18V200,Diesel-electric,"MRR3D-NG, DRBN-38A","3D multi-role, navigation/landing",10800.0,,35.0,450,16500000.0,21300000.0,32.0,2,False
cvn-68-class-nuclear-powered-aircraft-carrier,Nimitz-class aircraft carrier,CVN-68 class nuclear-powered aircraft carrier,sea,carrier,Newport News Shipbuilding,US,active_service,1975,10,"gulf-war-1991, afghanistan-2001",Primary role: power projection via carrier air wing; defensive armament only; no direct ship-to-ship combat losses,1967,,,6591608391.61,4500000000.0,2009,1968,,US,https://upload.wikimedia.org/wikipedia/commons/8/81/USS_Nimitz_in_Victoria_Canada_036.jpg,2006,1968,3,,,6400,3000,100000.0,,11.0,333.0,"260,000 shp (194 MW)",2,2 × A4W pressurized water reactors,Nuclear,"AN/SPS-48E 3D air search, AN/SPS-49(V) air search","3D air search radar, 2D long range air search radar",20.0,,56.0,,,,77.0,1,False
ohio-class,Ohio-class submarine,Ohio class,sea,submarine-ssbn,General Dynamics Electric Boat,US,active_service,1981,18,,Sea-based leg of US nuclear triad; SSGNs support special operations,,,,,2000000000.0,,1976,,US,https://upload.wikimedia.org/wikipedia/commons/e/e9/Ohio_class_submarine.jpg,1997,1976,4,,,155,,18750.0,300.0,11.3,170.7,"60,000 shp",1,S8G PWR,Nuclear,"BPS 15A / Sonars: BQQ-6, BQR-19, BQS-13, TB-16",Sonar suite,,37.0,46.0,66,16764000.0,18750000.0,12.8,1,False
seawolf-class,Seawolf class,Seawolf class,sea,submarine-ssn,General Dynamics Electric Boat,US,active_service,1997,3,,"No recorded combat use; deployments for exercises and operations (e.g., 6th Fleet 2020)",1983,,33600000000.0,4.83,3.0,2005,,Seawolf class,US,https://upload.wikimedia.org/wikipedia/commons/2/2d/USS_Connecticut_SSN_22.jpg,1998,1989,2,,,140,,9138.0,490.0,,107.6,"34 MW (45,000 shp)",1,S6W,Nuclear reactor,,N/A (sonar primary),,,46.0,,,9284.0,12.2,1,False
wpc-patrol-craft,Sentinel-class cutter / Fast Response Cutter (FRC),WPC (Patrol Craft),sea,mbt,Bollinger Shipyards Wikipedia,US,in_production,2012,62,,Effective in smuggling busts; Red Sea 2024 [Wikipedia](https://en.wikipedia.org/wiki/Sentinel-class_cutter),2007,,3.8,,65000000.0,,,,US,https://upload.wikimedia.org/wikipedia/commons/3/32/The_USCG%27s_first_two_Sentinel_class_cutters_-b.jpg,2030,2008,5,,,24,22,353.0,,,46.8,"4,300 kW (5,800 SHP) each [Naval Technology](https://www.naval-technology.com/projects/sentinel-class/)",2,MTU 20V 4000 M93L [Naval Technology](https://www.naval-technology.com/projects/sentinel-class/),Diesel [Naval Technology](https://www.naval-technology.com/projects/sentinel-class/),N/A (improved radar on later ships) [Wikipedia](https://en.wikipedia.org/wiki/Sentinel-class_cutter),Surface search/navigation [Wikipedia](https://en.wikipedia.org/wiki/Sentinel-class_cutter),4630.0,,52.0,,320000.0,359000.0,7.62,1,True
guided-missile-cruiser-cg-47-class,Ticonderoga-class cruiser,Guided Missile Cruiser CG-47 class,sea,cruiser,"Ingalls Shipbuilding (19 ships), Bath Iron Works (8 ships)",US,active_service,1983,27,"gulf-war-1991, balkans-1991, afghanistan-2001","Iran Air Flight 655 (1988), USA-193 satellite intercept (2008), friendly fire F/A-18 (2024)",1978,,,,1000000000.0,,,,US,https://upload.wikimedia.org/wikipedia/commons/4/45/US_Navy_110401-N-SF508-181_The_Ticonderoga-class_guided-missile_cruiser_USS_Shiloh_%28CG_67%29_transits_off_the_northeastern_coast_of_Japan.jpg,1994,1980,3,,,,,9600.0,,,173.0,"80,000 shp (60 MW)",4,General Electric LM2500,Gas turbine,AN/SPY-1,Passive phased array,,,56.0,,,,17.0,1,False
type-055-destroyer,Type 055 Renhai,Type 055 destroyer,sea,destroyer,"Jiangnan Shipyard, Dalian Shipbuilding Industry Company",CN,in_production,2020,10,,No combat experience; used in exercises and carrier escorts,2014,,,,,,2017,Renhai-class cruiser,,https://upload.wikimedia.org/wikipedia/commons/1/1d/Type_055_destroyer.jpg,,2014,5,,,300,,13000.0,,,180.0,28 MW each,4,QC-280,COGAG gas turbine,Type 346B Dragon Eye,AESA,9260.0,,56.0,,,,20.0,0,True
type-26-city-class-frigate,Type 26 frigate,Type 26 City-class frigate,sea,frigate,BAE Systems,GB,in_production,2028,2,,,1998,,8000000000.0,1281925744.59,1000000000.0,2017,2017,,"GB, US, US, NO",https://upload.wikimedia.org/wikipedia/commons/5/5e/Type_26_frigate.jpg,,2017,4,,,208,157,6900.0,,,149.9,36 MW (MT30) [Navy Lookout](https://www.navylookout.com/powering-the-stealthy-submarine-hunter-type-26-frigate-propulsion-system-in-focus/); [Rolls-Royce](https://www.rolls-royce.com/products-and-services/defence/naval/gas-turbines/mt30-marine-gas-turbine.aspx),1,Rolls-Royce MT30 gas turbine + 4 diesel generators + 2 electric motors,CODLOG (Combined diesel-electric or gas),Type 997 Artisan 3D,3D search radar,13000.0,33.0,48.0,,,,20.8,4,True
ssn-774-class,Virginia-class submarine,SSN-774 class,sea,submarine-ssn,General Dynamics Electric Boat / HII Newport News Shipbuilding,US,in_production,2004,28,,No major combat engagements noted; used in deployments since 2009,1991,50000000.0,347000000000.0,4434066294.72,4300000000.0,2023,1999,,"US, US",https://upload.wikimedia.org/wikipedia/commons/b/bb/US_Navy_040730-N-1234E-002_PCU_Virginia_%28SSN_774%29_returns_to_the_General_Dynamics_Electric_Boat_shipyard.jpg,2043,1999,3,,,145,,7900.0,240.0,,115.0,30 MW,1,S9G reactor,Nuclear,AN/BPS-16,Surface search/navigation,,,46.0,,,,10.4,2,True
landing-helicopter-dock-lhd-amphibious-assault-ship,Wasp-class,Landing Helicopter Dock (LHD) Amphibious Assault Ship,sea,amphibious,Ingalls Shipbuilding (Northrop Grumman Ship Systems),US,active_service,1989,8,"afghanistan-2001, iraq-2003","Served as Harrier carriers in OIF; support in Afghanistan, Hurricane Katrina, 2004 Tsunami",1983,,,,750000000.0,,,,US,https://upload.wikimedia.org/wikipedia/commons/f/fa/USS_Wasp_%28LHD-1%29_Osprey_2.jpg,2004,1985,3,,,1208,,40500.0,,,253.2,"70,000 shp",2,Westinghouse geared steam turbines; GE LM2500 (LHD 8),Geared steam turbines (LHD 1-7); Gas turbines (LHD 8),AN/SPS-48E / AN/SPS-49(V)7 / SPS-67,3D air search / 2D air search / Surface search,17600.0,,41.0,1894,,41150000.0,31.8,1,False
lsd-41-class-dock-landing-ship,Whidbey Island class,LSD-41 class dock landing ship,sea,amphibious,Lockheed Shipbuilding (41-43); Avondale Shipyards (44-48) (SURFPAC Navy),US,active_service,1985,8,"gulf-war-1991, afghanistan-2001, iraq-2003","Primary LCAC support (4 LCAC capacity), amphibious assaults, disaster relief ([SURFPAC Navy](https://www.surfpac.navy.mil/Ships/By-Class/Dock-Landing-Ships/))",1981,,,,,,,,US,https://upload.wikimedia.org/wikipedia/commons/9/9c/USS_Germantown_%28LSD-42%29.jpg,1988,1981,4,,,413,,15939.0,,,185.6,33000 shp,4,Colt Industries 16-cylinder ([SURFPAC Navy](https://www.surfpac.navy.mil/Ships/By-Class/Dock-Landing-Ships/)),Diesel engines,,N/A (SSDS integrates air search),,,37.0,504,11600000.0,16195000.0,25.6,1,False
ddg-1000-class-guided-missile-destroyer,Zumwalt destroyer,DDG 1000-class guided missile destroyer,sea,destroyer,General Dynamics Bath Iron Works / Huntington Ingalls Industries,US,active_service,2016,3,,No combat engagements; developmental testing and exercises only,2001,,24000000000.0,,4200000000.0,,2011,,US,https://upload.wikimedia.org/wikipedia/commons/9/9a/USS_Zumwalt_%28DDG_1000%29.jpg,2019,2009,3,,,197,130,15995.0,,,186.0,78 MW total,2,Rolls-Royce MT30,Integrated electric drive (gas turbine generators),AN/SPY-3,Multi-Function Radar (X-band AESA),,,56.0,,,,24.6,1,False
